,ID,Canomicalsmiles,pChEMBL
0,635,COc1cccc(CNC(=O)c2csc(CNC(=O)c3cccnc3Oc3ccc(Cl)cc3)n2)c1OC,0
1,1319,COc1cc(N2CCN(C)CC2)ccc1Nc1ncc(Cl)c(Nc2ccccc2S(=O)(=O)NCC(C)(C)C)n1,0
2,651,Cc1onc(-c2ccccc2)c1CNC(=O)c1csc(CNC(=O)COc2ccc(OC(F)(F)F)cc2)n1,0
3,542,O=C(COc1ccc(OC(F)(F)F)cc1)NCc1nc(C(=O)NCCc2ccccc2F)co1,0
4,1419,COc1ccc(Nc2ccnc(Nc3ccc(OC)c(OCCN4CCCC4)c3)n2)c(S(N)(=O)=O)c1,0
5,128,CNC(=O)c1ccccc1Nc1nc(Nc2cc(N3CCN(C)CC3)ccc2OC)ncc1Cl,1
6,569,CCC(C)CNC(=O)c1csc(CNC(=O)COc2ccc(OC(F)(F)F)cc2)n1,0
7,199,CNS(=O)(=O)c1ccccc1Nc1nc(Nc2cc(N3CCOCC3)ccc2OC)ncc1Cl,1
8,1081,Cc1ccc(N2CCOCC2)cc1Nc1ncc2ccn(-c3ccccn3)c2n1,0
9,408,CNC(=O)c1ccc2cc1Nc1nc(ncc1Cl)Nc1ccc(N3CCN(C)CC3)c(c1)CC2,1
10,166,COc1cc(N2CCC[C@@H](C(N)=O)C2)ccc1Nc1ncc(Cl)c(Nc2ccccc2S(=O)(=O)C(C)C)n1,1
11,1077,c1ccc(-n2ccc3cnc(Nc4ccc5c(c4)NCC5)nc32)nc1,0
12,226,CNS(=O)(=O)c1ccccc1Nc1nc(Nc2ccc(F)cc2OC)ncc1Cl,1
13,230,CNC(=O)c1cc(F)c(F)cc1Nc1nc(Nc2ccc(N3CCOCC3)cc2OC)ncc1Cl,1
14,945,CC(C)NC(=O)[C@]1(O)CC[C@@H](n2c(=NC(=O)c3ccc(F)cc3)[nH]c3cnc(OCCN4CCCCC4)cc32)CC1,0
15,647,CC(C)(C)OC(=O)NCCCCCNC(=O)c1ncsc1CNC(=O)COc1ccc(OC(F)(F)F)cc1,0
16,466,CC(C)(O)C1CCN(Cc2ccc3[nH]/c(=N\C(=O)c4ccc(F)cc4)n([C@H]4CC[C@]5(CC4)NC(=O)NC5=O)c3c2)CC1,1
17,559,C#CC(CC)(CC)NC(=O)c1csc(CNC(=O)COc2ccc(OC(F)(F)F)cc2)n1,0
18,1132,CC(C)N1CCN(c2ccc(Nc3nc(Cl)ncc3Cl)c3c2CCN(C)C3=O)CC1,0
19,1364,COc1cc(N2CCN(C)CC2)ccc1Nc1ncc(Cl)c(Nc2cccc3c2C(=O)N(C)CC3)n1,0
20,1620,CNc1ccc(C(=O)/N=c2\[nH]c3cnc(OCCN4CCCCC4)cc3n2C2CCC(C(=O)NC(C)C)CC2)cc1.O=C(O)C(F)(F)F,0
21,911,CC(C)(O)C1CCN(CCOc2cc3c(cn2)[nH]/c(=N\C(=O)c2cccc(F)c2)n3C2CCC(C(=O)N3C[C@@H]4C[C@H]3CN4)CC2)CC1,0
22,439,CN1CCN(c2ccc(Nc3ncc(Cl)c(Nc4ccccc4)n3)cc2)CC1,1
23,1313,COc1ccc(N2CC[C@H](N(C)C)C2)cc1Nc1ncc(Cl)c(Nc2ccccc2S(=O)(=O)NCC(C)C)n1,0
24,620,O=C(COc1ccc(OC(F)(F)F)cc1)NCc1nc(C(=O)NCCc2c[nH]c3ccccc23)cs1,0
25,904,CC(C)(O)C1CCN(Cc2ccc3[nH]c(=NC(=O)c4cccc(F)c4)n([C@H]4CC[C@H](C(N)=O)CC4)c3c2)CC1,0
26,231,CNc1ccccc1Nc1ncc(Br)c(Nc2ccccc2S(=O)(=O)NC)n1,1
27,1002,COc1cc(Nc2ncc3ccn(-c4cccc(CCC(=O)O)c4)c3n2)cc(OC)c1OC,0
28,215,COc1cc(N2CCOCC2)ccc1Nc1ncc(Cl)c(Nc2cccc3c2C(=O)N(C)C3)n1,1
29,896,O=C(N=c1[nH]c2ccc(CN3CCCCC3)cc2n1C12CC3CC(CC(C3)C1)C2)c1ccccc1,0
30,413,COc1cccc(C(=O)/N=c2\[nH]c3cnc(OCCN4CCCCC4)cc3n2[C@H]2CC[C@@H](C(=O)NC(C)C)CC2)c1,1
31,1394,COc1cc(N2CC[C@H](N(C)C)C2)ccc1Nc1ncc(Cl)c(Nc2ccccc2S(=O)(=O)NC(C)C)n1,0
32,528,CCOc1ccc(NC(=O)NCc2nc(C(=O)NCCc3cccc(Cl)c3)cs2)cc1,0
33,352,COc1cc2c(=O)c3c4ccc(C#N)cc4[nH]c3n(C3CCCC3)c2cc1N1CCN(C)CC1,1
34,69,COc1ccc(N2CCOCC2)cc1Nc1ncc(Cl)c(Nc2ccccc2S(=O)(=O)C(C)C)n1,1
35,552,O=C(COc1ccc(OC(F)(F)F)cc1)NCc1nc(C(=O)NCc2cc(F)cc(F)c2)cs1,0
36,922,CNC(=O)[C@H]1CC[C@H](n2c(=NC(=O)c3ccc(F)cc3)[nH]c3cnc(OCCN4CCCCC4)cc32)CC1,0
37,250,COc1cc(N2CCC(N3CCNCC3)CC2)ccc1Nc1ncc(Cl)c(Nc2ccccc2S(=O)(=O)C(C)C)n1,1
38,148,COc1cc(N2CCN(C(C)=O)CC2)ccc1Nc1ncc(Cl)c(Nc2ccccc2S(=O)(=O)CC(C)C)n1,1
39,521,O=C(COc1ccc(Cl)cc1)NCc1nc(C(=O)NCCc2ccccc2F)cs1,0
40,1230,COc1ccc(-n2ccc3cnc(Nc4cc(OC)c(OC)c(OC)c4)nc32)cn1,0
41,703,Cc1n[nH]c2nc(-c3ccccc3F)c3c(F)cc4c(c3c12)OCCO4,0
42,558,CCCCC(CC)CNC(=O)c1csc(CNC(=O)COc2ccc(OC(F)(F)F)cc2)n1,0
43,491,Clc1cnc2nc1Nc1cccc(c1)CCc1cc(ccc1OCCN1CCCC1)N2,0
44,1297,COc1cc(Nc2ncc3ccn(-c4cccc(C(=O)N(C)C)n4)c3n2)cc(OC)c1OC,0
45,1368,CCOc1cc(N2CCN(C)CC2)ccc1Nc1ncc(Cl)c(Nc2ccccc2S(=O)(=O)NC(C)C)n1,0
46,609,O=C(COc1ccc(OC(F)(F)F)cc1)NCc1nc(C(=O)N[C@@H](Cc2ccccc2)C(=O)N2CCCC2)cs1,0
47,948,CCS(=O)(=O)N1CCC(n2c(=NC(=O)c3ccccc3)[nH]c3cnc(OCCN4CCCCC4)cc32)CC1,0
48,607,O=C(COc1ccc(OC(F)(F)F)cc1)NCc1nc(C(=O)N2CCc3c([nH]c4ccccc34)C2)cs1,0
49,1581,NC(=O)C1CCN(C(=O)c2csc(CNC(=O)COc3ccc(OC(F)(F)F)cc3)n2)CC1,0
50,331,CCc1cc2c(=O)c3c4ccc(C#N)cc4[nH]c3n(CC)c2cc1N1CCN(C)CC1,1
51,184,CNS(=O)(=O)c1ccccc1Nc1nc(Nc2cc(N3CCN(C(C)=O)CC3)ccc2OC)ncc1Cl,1
52,811,COc1cc(N2CCN(C)CC2)ccc1Nc1ncc(Cl)c(Nc2ccccc2S(=O)(=O)N(C)C(C)C)n1,0
53,1632,CC(C)Oc1cc2c(cc1Nc1ncc(Cl)c(Nc3ccccc3S(=O)(=O)C(C)C)n1)C(=O)N([C@H]1CCN(C)C1)C2=O,0
54,796,CC(=O)Nc1cccc(Nc2nccc(Nc3ccccc3-c3nnn[nH]3)n2)c1,0
55,490,Clc1cnc2nc1NCc1cc(Br)cc(c1)OCCCc1cccc(c1)N2,0
56,740,NS(=O)(=O)c1c(Nc2ccnc(Nc3ccccc3)n2)ccc2c1OCCO2,0
57,536,Cc1ccc(CNC(=O)c2csc(CNC(=O)COc3ccc(OC(F)(F)F)cc3)n2)cc1,0
58,321,Cc1cc(N2CCOCC2)ccc1Nc1ncc(Cl)c(Nc2ccccc2S(=O)(=O)C(C)C)n1,1
59,507,O=C(COc1ccc(OC(F)(F)F)cc1)NCc1nc(C(=O)NC2CCCCC2)cs1,0
60,650,COc1ccc(OC)c(CCNC(=O)c2csc(CNC(=O)COc3ccc(OC(F)(F)F)cc3)n2)c1,0
61,415,CC(C)(O)CNC(=O)[C@H]1CC[C@@H](n2/c(=N/C(=O)c3ccc(F)cc3)[nH]c3ccc(CN4CCOCC4)cc32)CC1,1
62,529,CC(C)c1ccc(CC(=O)NCc2nc(C(=O)NCCc3ccccc3F)cs2)cc1,0
63,1406,CCN1CCc2cccc(Nc3nc(Nc4ccc(N5CCC(N6CCN(C)CC6)CC5)cc4OC)ncc3Cl)c2C1=O,0
64,967,COc1cc(Nc2ncc3ccn(-c4ccc(C(F)(F)F)cc4)c3n2)cc(OC)c1OC,0
65,1291,COc1cc(Nc2ncc3ccn(-c4cccc(CC(=O)N(C)C)c4)c3n2)cc(OC)c1OC,0
66,539,O=C(COc1ccc(OC(F)(F)F)cc1)NCc1nc(C(=O)NC2CCc3ccccc32)cs1,0
67,1159,COc1cccc(Nc2ccnc(Nc3ccc(N)c(C)c3)n2)c1S(N)(=O)=O,0
68,61,CNC(=O)c1ccccc1Nc1nc(Nc2ccc(OC3CCN(C)CC3)cc2OC)ncc1Cl,1
69,855,COc1ccc(Nc2ccnc(Nc3ccc(OC)c(OCCCN4CCCC4)c3)n2)c(S(N)(=O)=O)c1,0
70,1137,COc1cc(N2CCOCC2)ccc1Nc1ncc(Cl)c(Nc2ccc(N3CCN(C(C)C)CC3)c3c2C(=O)N(C)CC3)n1,0
71,644,O=C(COc1ccc(OC(F)(F)F)cc1)NCc1nc(C(=O)NCc2ccc(F)c(C(F)(F)F)c2)cs1,0
72,799,c1cncc(CNc2cccc(Nc3nccc(Nc4ccccc4-c4nnn[nH]4)n3)c2)c1,0
73,857,CC(C)N1CCN(c2ccc(Nc3nc(Nc4ccc(N5CCOCC5)cc4)ncc3Cl)c3c2CN(C)C3=O)CC1,0
74,1636,CC(C)S(=O)(=O)c1ccccc1Nc1nc(Nc2cc3c(cc2F)CNC3=O)ncc1Cl,0
75,1219,COc1ccc(Nc2nccc(Nc3cccc(C)c3S(N)(=O)=O)n2)cc1N(C)C,0
76,1506,COCC(=O)Nc1ccc2cc1CCc1cccc(c1)Nc1ncc(Cl)c(n1)N2.O=C(O)C(F)(F)F,0
77,1593,CN1CCCC1CCNC(=O)c1csc(CNC(=O)COc2ccc(OC(F)(F)F)cc2)n1,0
78,763,Cc1cccc(Nc2nccc(Nc3ccc4c(c3S(N)(=O)=O)OCCO4)n2)c1,0
79,482,CC(Oc1cc(-c2ccc(C3(O)CCCOC3)nc2)cnc1N)c1cc(Cl)ccc1C(F)(F)F,0
80,1658,CC(C)NC(=O)[C@H]1CC[C@@H](n2c(=NC(=O)C3CCCCC3)[nH]c3cnc(OCCN4CCCCC4)cc32)CC1,0
81,42,CNS(=O)(=O)c1ccccc1Nc1nc(Nc2cccc3c2ccn3CCCN2CCOCC2)ncc1Br,1
82,249,COc1cc([N+](=O)[O-])ccc1Nc1ncc(Cl)c(Nc2ccccc2S(=O)(=O)C(C)C)n1,1
83,1265,COc1ccc(C)c(Nc2ncc3ccn(-c4ccc(Cl)nc4)c3n2)c1,0
84,888,CC(C)N1CCN(c2ccc(Nc3nc(Cl)ncc3Cl)c3c2CN(C)C3=O)CC1,0
85,1464,COc1cc(Nc2nccc(Nc3ccccc3S(=O)(=O)NCCO)n2)cc(OC)c1OC,0
86,723,COc1cc2c(-c3ccc(O)cc3)nc3[nH]nc(Cc4ccccc4C)c3c2cc1OC,0
87,1006,CNC(=O)C1(O)CCC(n2/c(=N/C(=O)c3ccc(F)cc3)[nH]c3cnc(OCCN4CCCCC4)cc32)CC1,0
88,461,COC(=O)Nc1nc2ccc(CN3CCCCC3)cc2n1[C@H]1CC[C@@H](C(=O)NC(C)C)CC1,1
89,411,C[C@H]1CN(C(=O)[C@H]2CC[C@@H](n3/c(=N/C(=O)c4ccccc4)[nH]c4cnc(OCCN5CCCCC5)cc43)CC2)CCN1,1
90,364,CCCC(C)n1c2cc(N3CCN(C)CC3)c(OC)cc2c(=O)c2c3ccc(C#N)cc3[nH]c21,1
91,1467,COc1ccc(Nc2nccc(Nc3ccccc3S(N)(=O)=O)n2)cc1OCCCn1ccnc1,0
92,1279,COc1cc(Nc2ncc3ccn(-c4ccc(NC(C)=O)c(C(=O)O)c4)c3n2)cc(OC)c1OC,0
93,1422,COc1cccc(Nc2ccnc(Nc3cccc(OCCN4CCCCC4)c3)n2)c1S(N)(=O)=O,0
94,8,COc1cc(N2CCN(C)CC2)c2cc1Nc1ncc(Cl)c(n1)Nc1cc(ccc1N(C)S(C)(=O)=O)CC2,1
95,428,CC(C)NC(=O)[C@H]1CC[C@@H](n2/c(=N/C(=O)c3ccnnc3)[nH]c3cnc(OCCN4CCCCC4)cc32)CC1,1
96,633,COc1cccc(OC)c1CNC(=O)c1csc(CNC(=O)COc2ccc(OC(F)(F)F)cc2)n1,0
97,835,Cc1ccc(Nc2nccc(Nc3ccc4c(c3S(N)(=O)=O)OCCO4)n2)cc1OCC1CCCO1,0
98,1062,CCNC(=O)Cc1cccc(-n2ccc3cnc(Nc4cc(OC)c(OC)c(OC)c4)nc32)c1,0
99,58,CNC1CCN(c2ccc(Nc3ncc(Cl)c(Nc4ccccc4S(=O)(=O)C(C)C)n3)c(OC)c2)C1,1
100,1559,O=C(COc1ccc(OC(F)(F)F)cc1)NCc1nc(C(=O)NCCc2ccncc2)co1,0
101,1359,COc1cc(N2CCOCC2)ccc1Nc1ncc(Cl)c(Nc2ccccc2S(=O)(=O)NCC(C)(C)C)n1,0
102,1154,COc1cc(Nc2ncc3ccn(-c4cccc(C(=O)NCCN(C)C)n4)c3n2)cc(OC)c1OC,0
103,1144,COc1cccc(Nc2nccc(Nc3ccccc3S(N)(=O)=O)n2)c1,0
104,1441,CCN(C)S(=O)(=O)c1ccccc1Nc1nc(Nc2ccc(N3CCOCC3)cc2OC)ncc1Cl,0
105,102,CCNC(=O)c1ccccc1Nc1nc(Nc2ccc(OC3CCN(C)CC3)cc2OC)ncc1Cl,1
106,925,Cc1n[nH]c([C@H]2CC[C@@H](n3c(=NC(=O)c4cccc(F)c4)[nH]c4ccc(CO)cc43)CC2)n1,0
107,1354,CNS(=O)(=O)c1ccccc1Nc1nc(Nc2cc(N3CCOCC3)c(OC)cc2OC)ncc1Br,0
108,1225,COc1cc(Nc2ncc3ccn(-c4cccc(CC(=O)NC5CCC(N)CC5)c4)c3n2)cc(OC)c1OC,0
109,938,CN1Cc2c(N3CCN(C(=O)OC(C)(C)C)CC3)ccc(Nc3nc(Cl)ncc3Cl)c2C1=O,0
110,197,CNS(=O)(=O)c1ccccc1Nc1nc(Nc2ccc(N3CCN(C(C)=O)CC3)cc2OC)ncc1Br,1
111,395,CCOc1cc2c(=O)c3c4ccc(C#N)cc4[nH]c3n(C3CCCC3)c2cc1N1CCN(C)CC1,1
112,1420,CC(C)Oc1cccc(Nc2ccnc(Nc3cccc(OCCN4CCCCC4)c3)n2)c1S(N)(=O)=O,0
113,527,CC(C)(C)CCNC(=O)c1csc(CNC(=O)COc2ccc(OC(F)(F)F)cc2)n1,0
114,1192,COc1cc(Nc2nccc(Nc3cc(C)ccc3S(N)(=O)=O)n2)cc(OC)c1OC,0
115,1318,CNS(=O)(=O)c1ccccc1Nc1nc(Nc2cc(OCCN3CCC(O)CC3)ccc2OC)ncc1Br,0
116,388,CC(Oc1cc(-c2ccc(N3CCNCC3)nc2)cnc1N)c1c(F)ccc(F)c1Cl,1
117,1424,COc1cccc(Nc2ccnc(Nc3cccc(OCCN4CCN(Cc5ccccc5)CC4)c3)n2)c1S(N)(=O)=O,0
118,1146,Oc1cccc(Nc2ccnc(Nc3ccc4[nH]ncc4c3)n2)c1,0
119,1537,O=C(COc1ccc(OC(F)(F)F)cc1)NCc1nc(C(=O)NCC(c2ccccc2)c2ccccc2)co1,0
120,852,O=C(O)c1ccccc1Nc1ccnc(Nc2cccc(O)c2)n1,0
121,403,CC(Oc1cc(-c2ccc(C3CO[C@@H]4[C@H](O)CO[C@H]34)nc2)cnc1N)c1c(F)ccc(F)c1Cl,1
122,1173,Oc1cccc(Nc2ccnc(Nc3cccc(OCCN4CCOCC4)c3)n2)c1,0
123,905,N#C[C@]1(c2ccccn2)C[C@@H](n2c(=NC(=O)c3ccc(F)cc3)[nH]c3cnc(OCCN4CCCCC4)cc32)C1,0
124,901,CC(C)(O)C1CCN(Cc2ccc3[nH]c(=NC(=O)c4ccc(F)cc4)n([C@H]4CC[C@@H](C(=O)O)CC4)c3c2)CC1,0
125,241,CNS(=O)(=O)c1ccccc1Nc1nc(Nc2ccc(N3CCN(C)CC3)cc2OC)ncc1Cl,1
126,847,COc1c(C)ccc(Nc2ccnc(Nc3cccc(OCCCN4CCCC4)c3)n2)c1S(N)(=O)=O,0
127,1331,COc1cc(N2CCCC(C)(C(N)=O)C2)ccc1Nc1ncc(Cl)c(Nc2cccc3c2C(=O)N(C)C3)n1,0
128,818,C=C(Cl)COc1cccc(Nc2ccnc(Nc3ccc4cnn(C)c4c3)n2)c1S(N)(=O)=O,0
129,476,CNC(=O)[C@H]1CC[C@H](n2/c(=N/C(=O)c3ccc(F)cc3)[nH]c3cnc(OCCN4CCCCC4)cc32)CC1,1
130,1001,FC(F)(F)c1ccc(Nc2ncc3ccn(-c4ccccn4)c3n2)cc1,0
131,274,COc1cc(Nc2ncc3ccn(-c4cccc(CC#N)c4)c3n2)cc(OC)c1OC,1
132,210,COCCOc1ccc(Nc2ncc(Cl)c(Nc3ccc(N4CCN(C(C)C)CC4)c4c3C(=O)N(C)CC4)n2)c(OC)c1,1
133,1027,Cc1cnc(Nc2cccc(OCCN3CCCCC3)c2)nc1Nc1ccc2c(c1S(N)(=O)=O)OCCO2,0
134,1485,Cc1ccc(Nc2ccnc(Nc3cccc(OCCN4CCCC4)c3)n2)c(S(N)(=O)=O)c1,0
135,1115,CNS(=O)(=O)c1ccccc1Nc1nc(Nc2cccc(N(C)C)c2)ncc1Br,0
136,1517,O=C(COc1ccc(OC(F)(F)F)cc1)NCc1nc(C(=O)NCCCN2CCCC2=O)cs1,0
137,965,COC(=O)c1cc2cnc(Nc3cc(OC)c(OC)c(OC)c3)nc2n1-c1ccccn1,0
138,362,COc1cc2c(cc1Nc1ncc(Cl)c(N[C@H]3[C@@H](C(N)=O)[C@@H]4C=C[C@H]3C4)n1)CCC(N1CCOCC1)CC2,1
139,1074,O=C(c1cccc(Nc2ncc3ccn(-c4ccccn4)c3n2)c1)N1CCNCC1,0
140,309,CNS(=O)(=O)c1ccccc1Nc1nc(Nc2ccccc2OC(F)(F)F)ncc1Cl,1
141,420,CC(C)NC(=O)[C@H]1CC[C@@H](n2/c(=N/C(=O)c3cncs3)[nH]c3cnc(OCCN4CCCCC4)cc32)CC1,1
142,21,COc1cc(N2CCCC(C(N)=O)C2)ccc1Nc1ncc(Cl)c(Nc2ccccc2S(=O)(=O)NC(C)C)n1,1
143,465,CC(C)(O)C1CCN(Cc2ccc3[nH]/c(=N\C(=O)c4cccc(F)c4)n([C@H]4CC[C@H](C(N)=O)CC4)c3c2)CC1,1
144,534,CCc1ccc(OCC(=O)NCc2nc(C(=O)NCCc3cccc(Cl)c3)cs2)cc1,0
145,236,CNS(=O)(=O)c1ccccc1Nc1nc(Nc2ccccc2OC)ncc1Br,1
146,560,COc1ccc([C@H](C)NC(=O)c2csc(CNC(=O)COc3ccc(OC(F)(F)F)cc3)n2)cc1,0
147,323,CCc1cc2c(=O)c3c4ccc(C#N)cc4[nH]c3n(C(C)C)c2cc1N1CCN(C2COC2)CC1,1
148,807,COC(=O)CCNC(=O)Cc1cccc(-n2ccc3cnc(Nc4cc(OC)c(OC)c(OC)c4)nc32)c1,0
149,1569,CSc1ccc(CC(=O)NCc2nc(C(=O)NCCc3cccc(Cl)c3)cs2)cc1,0
150,376,CC(C)c1cc(-c2nnc(O)n2-c2ccc3c(ccn3C)c2)c(O)cc1O,1
151,328,COc1cc(N2CCN(C)CC2)c2cc1Nc1ncc(Cl)c(n1)Nc1cc(ccc1S(=O)(=O)C(C)C)CC2,1
152,1019,CNS(=O)(=O)c1ccccc1Cn1ccc2cnc(Nc3cc(OC)c(OC)c(OC)c3)nc21,0
153,1490,COc1ccc(Nc2nccc(Nc3cccc(S(N)(=O)=O)c3)n2)cc1OCCn1ccnc1,0
154,227,CNS(=O)(=O)c1ccccc1Nc1nc(Nc2cc(F)ccc2F)ncc1Br,1
155,565,O=C(COc1ccc(OC(F)(F)F)cc1)NCc1nc(C(=O)NCc2ccc(F)cc2)cs1,0
156,1269,COc1cc(Nc2ncc3ccn(-c4ccc(C)c([N+](=O)[O-])c4)c3n2)cc(OC)c1OC,0
157,640,CN(C)Cc1ccc(CSCCNC(=O)c2csc(CNC(=O)COc3ccc(OC(F)(F)F)cc3)n2)o1,0
158,854,Nc1cccc(Nc2nccc(Nc3ccccc3C(=O)O)n2)c1,0
159,1470,COc1ccc(Nc2ncc(C)c(Nc3ccc(S(N)(=O)=O)cc3)n2)cc1OCCn1ccnc1,0
160,750,CC(=O)c1cccc(Nc2nccc(Nc3ccc4c(c3S(N)(=O)=O)OCCO4)n2)c1,0
161,1433,COc1cccc(Nc2ccnc(Nc3cccc(OCCN4CCN(C)CC4)c3)n2)c1S(N)(=O)=O,0
162,1644,Cc1cc(Nc2ncc(Cl)c(Nc3ccccc3S(N)(=O)=O)n2)c(F)cc1C1CCN(C)CC1,0
163,1041,COCCCNc1cc(Nc2nccc(Nc3cccc(OC)c3S(N)(=O)=O)n2)ccc1C,0
164,1604,CC(C)NC(=O)[C@H]1CC[C@@H](n2c(=NC(=O)c3ccc4ccn(C)c4c3)[nH]c3cnc(OCCN4CCCCC4)cc32)CC1,0
165,1325,COc1cc(N2CCOCC2)ccc1Nc1ncc(Cl)c(Nc2ccccc2S(=O)(=O)N2CCNCC2)n1,0
166,1550,O=C(NCCc1cccc(Cl)c1)c1csc(CNC(=O)C2(c3ccc(Cl)cc3)CC2)n1,0
167,217,COc1cc(Nc2ncc3c(n2)N(c2cccnc2)CCC3)cc(OC)c1OC,1
168,266,CNS(=O)(=O)c1ccccc1Nc1nc(Nc2cc(OC3CCN(C(C)=O)CC3)ccc2OC)ncc1Br,1
169,1416,COc1cc(N2CC[C@H](N(C)C)C2)ccc1Nc1ncc(Cl)c(Nc2ccccc2S(=O)(=O)NCC(C)C)n1,0
170,235,CNS(=O)(=O)c1ccccc1Nc1nc(Nc2ccc(C)cc2C)ncc1Br,1
171,1477,CN1CCCC(Oc2cccc(Nc3nccc(Nc4ccccc4S(N)(=O)=O)n3)c2)CC1,0
172,207,CNC(=O)c1ccccc1Nc1nc(Nc2ccc(N3CCC[C@@H](C(N)=O)C3)cc2OC)ncc1Cl,1
173,820,COc1cc(Nc2nccc(Nc3ccc4c(c3S(N)(=O)=O)OCCO4)n2)cc2ccccc12,0
174,76,COc1ccc(Nc2nc(Cl)ncc2Cl)c2c1CCN(C)C2=O,1
175,1488,COc1cc(Nc2nccc(Nc3ccc(-c4ccccc4)cc3S(N)(=O)=O)n2)cc(OC)c1OC,0
176,1150,COc1cc(Nc2nccc(Nc3ccc4cn[nH]c4c3)n2)cc(OC)c1OC,0
177,822,Cn1ncc2ccc(Nc3ncc(F)c(Nc4ccc5c(c4S(N)(=O)=O)OCCO5)n3)cc21,0
178,1640,C#Cc1cc(Nc2ncc(C)c(Nc3ccccc3S(=O)(=O)C(C)C)n2)c(OC(C)C)cc1C,0
179,870,COc1cc(N2CCOCC2)ccc1Nc1ncc(Cl)c(Nc2ccc(N3CCN(C(C)C)CC3)c3c2C(=O)N(C)C3)n1,0
180,271,COc1cc(Nc2ncc3ccn(-c4cccc(C(=O)NCCN(C)C)c4)c3n2)cc(OC)c1OC,1
181,1542,Cc1ccc(N2CCN(C(=O)c3csc(CNC(=O)COc4ccc(OC(F)(F)F)cc4)n3)CC2C)cc1,0
182,1290,COC(=O)CCc1cccc(-n2ccc3cnc(Nc4cc(OC)c(OC)c(OC)c4)nc32)c1,0
183,1242,COc1cc(Nc2ncc3ccn(-c4cccc5cccnc45)c3n2)cc(OC)c1OC,0
184,1023,Nc1ccc(Nc2nccc(Nc3ccc4c(c3S(N)(=O)=O)OCCO4)n2)cc1C(F)(F)F,0
185,469,CC(C)NC(=O)[C@H]1CC[C@@H](n2/c(=N/C(=O)c3ccc(C(N)=O)cc3)[nH]c3cnc(OCCN4CCCCC4)cc32)CC1,1
186,124,COc1cc(N2CCC(N(C)C)C2)ccc1Nc1ncc(Cl)c(Nc2ccccc2S(=O)(=O)C(C)C)n1,1
187,1491,Oc1ccc(Cl)cc1Nc1ccnc(Nc2cccc(OCCN3CCOCC3)c2)n1,0
188,812,COc1ccc(Nc2nccc(Nc3cccc(OCC(F)(F)F)c3S(N)(=O)=O)n2)cc1OC,0
189,1007,C/C=C/NS(=O)(=O)c1cccc(Nc2ccnc(Nc3cccc(OCCn4ccnc4)c3)n2)c1,0
190,1646,CC(C)Oc1cc2c(cc1Nc1ncc(Cl)c(Nc3ccccc3S(=O)(=O)C(C)C)n1)C(=O)N([C@H]1CN[C@H](C(=O)O)C1)C2,0
191,1194,COc1ccc(Nc2nccc(Nc3cccc(O)c3)n2)cc1OCCCn1ccnc1,0
192,837,COc1ccc(Nc2nccc(Nc3ccc4c(c3S(N)(=O)=O)OC(F)(F)C(F)(F)O4)n2)cc1OC,0
193,786,O=C(/N=c1\[nH]c2ccc(CN3CCCCC3)cc2n1C1CCC(CO)CC1)c1ccc(F)cc1,0
194,72,CNS(=O)(=O)c1ccccc1Nc1nc(Nc2cc(N3CCOCC3)ccc2C)ncc1Br,1
195,136,COc1cc(N2CCN(C)C(=O)C2)ccc1Nc1ncc(Cl)c(Nc2ccccc2S(=O)(=O)C(C)C)n1,1
196,1014,Nc1ccc(Nc2nccc(Nc3ccc4c(c3S(N)(=O)=O)OCCO4)n2)cc1C(=O)O,0
197,257,CNS(=O)(=O)c1ccccc1Nc1nc(Nc2cc(N3CCN(C(C)=O)CC3)ccc2OC)ncc1Br,1
198,4,CCc1cc2c(=O)c3c4ccc(C#N)cc4[nH]c3n(C(C)C)c2cc1C1CCNCC1,1
199,306,COc1cc(OC)c(OC)cc1Nc1ncc(Cl)c(Nc2ccccc2S(=O)(=O)C(C)C)n1,1
200,933,COc1ccc(Nc2ncc(Cl)c(Nc3ccc(N4CCN(C)CC4)c4c3C(=O)N(C)C4)n2)c(OC)c1,0
201,1175,CNS(=O)(=O)c1ccccc1Nc1ccnc(Nc2cccc(OCCn3ccnc3)c2)n1,0
202,1008,C/C=C/NS(=O)(=O)c1cccc(Nc2ccnc(Nc3cc(OC)c(OC)c(OC)c3)n2)c1,0
203,1017,O=C(O)c1ccccc1Nc1ccnc(Nc2ccc(N3CCOCC3)cc2)n1,0
204,1557,O=C(COc1ccc(OC(F)(F)F)cc1)NCc1nc(C(=O)NCCc2ccccn2)co1,0
205,1564,CCCCOc1ccc(NC(=O)NCc2nc(C(=O)NCc3cccc(OC)c3OC)cs2)cc1,0
206,455,C=CCNS(=O)(=O)c1cc(C(=O)Nc2nc3ccc(CO)cc3n2[C@H]2CC[C@@H](C(=O)OC)CC2)ccc1F,1
207,941,O=C(N=c1[nH]c2ccc(CN3CCCCC3)cc2n1[C@H]1CC[C@@H](CO)CC1)c1ccc(F)cc1,0
208,38,CCS(=O)(=O)c1ccccc1Nc1nc(Nc2ccc(N3CCC[C@@H](C(N)=O)C3)cc2OC)ncc1Cl,1
209,1106,CNS(=O)(=O)c1ccccc1Nc1nc(Nc2cccc(C)c2)ncc1Br,0
210,192,COc1cc(NC2CCN(C)CC2)ccc1Nc1ncc(Cl)c(Nc2ccccc2S(=O)(=O)NC(C)C)n1,1
211,1254,COc1ccc(C)c(Nc2ncc3ccn(-c4cccnc4)c3n2)c1,0
212,127,COc1cc(N2CCC(O)CC2)ccc1Nc1ncc(Cl)c(Nc2ccccc2S(=O)(=O)C(C)C)n1,1
213,176,CNS(=O)(=O)c1ccccc1Nc1nc(Nc2cc(OCC3CCN(C)CC3)ccc2OC)ncc1Cl,1
214,1578,CCCCCCC(C)NC(=O)c1csc(CNC(=O)COc2ccc(OC(F)(F)F)cc2)n1,0
215,1471,CN1CCN(c2cccc(Nc3nccc(Nc4cccc(Cl)c4S(N)(=O)=O)n3)c2)CC1,0
216,897,O=C(N=c1[nH]c2ccc(CN3CCOCC3)cc2n1[C@H]1CC[C@@H](C(=O)N2CCOCC2)CC1)c1ccc(F)cc1,0
217,547,O=C(COc1ccc(OC(F)(F)F)cc1)NCc1nc(C(=O)NCCc2ccc(F)cc2)co1,0
218,1342,CN[C@H]1CCN(c2ccc(Nc3ncc(Cl)c(Nc4ccccc4S(=O)(=O)NC(C)C)n3)c(OC)c2)C1,0
219,1596,Clc1cnc2nc1NCc1cccc(c1)OCCOc1cccc(c1)N2.O=C(O)C(F)(F)F,0
220,1140,COc1cc(Nc2ncc3ccn(-c4cccc(C(=O)NCCN5CCOCC5)c4)c3n2)cc(OC)c1OC,0
221,1532,O=C(COc1ccc(OC(F)(F)F)cc1)NCc1nc(C(=O)N2CC[C@@H]3CCCC[C@@H]3C2)cs1,0
222,845,O=C(/N=c1\[nH]c2cnc(OCCN3CCCCC3)cc2n1C1CCC(C(=O)N2CCNCC2)CC1)c1ccc(F)cc1,0
223,486,COc1ccc(N2CCN(C)CC2)cc1Nc1ncc2ccc(-c3ccccc3OC)n2n1,0
224,1215,COc1cccc(Nc2ccnc(Nc3cccc(OCCO)c3)n2)c1S(N)(=O)=O,0
225,375,COc1cc(N2CCC(N3CCOCC3)CC2)ccc1Nc1ncc2ccc(-c3ccccc3OC)n2n1,1
226,502,Cc1ccccc1CNC(=O)c1csc(CNC(=O)COc2ccc(OC(F)(F)F)cc2)n1,0
227,1583,O=C(COc1ccc(OC(F)(F)F)cc1)NCc1nc(C(=O)NCc2ccc(Cl)cc2)cs1,0
228,1096,NS(=O)(=O)c1ccccc1Nc1ccnc(Nc2ccc3cc[nH]c3c2)n1,0
229,1472,COc1ccc(Nc2nccc(Nc3ccccc3O)n2)cc1OCCN1CCCCC1,0
230,787,CNS(=O)(=O)c1ccccc1Nc1nc(Nc2ccc(C(=O)N3CCN(C)CC3)cc2OC)ncc1Br,0
231,890,CC(C)(O)CNC(=O)[C@H]1CC[C@@H](n2c(=NC(=O)c3ccc(F)cc3)[nH]c3ccc(CN4CCOCC4)cc32)CC1,0
232,63,CNS(=O)(=O)c1ccccc1Nc1nc(Nc2ccc(OC3CCN(C)CC3)cc2OC)ncc1Cl,1
233,1037,CNc1cc(Nc2nccc(Nc3cccc(OC)c3S(N)(=O)=O)n2)ccc1Br,0
234,1533,O=C(COc1ccc(OC(F)(F)F)cc1)NCc1nc(C(=O)N2CC[C@H]3CCCC[C@@H]3C2)cs1,0
235,157,CCC(CC)NS(=O)(=O)c1ccccc1Nc1nc(Nc2ccc(N3CCOCC3)cc2OC)ncc1Cl,1
236,744,COC(=O)CNC(=O)CCc1cccc(-n2ccc3cnc(Nc4cc(OC)c(OC)c(OC)c4)nc32)c1,0
237,409,CC(Oc1cc(-c2ccc(C3CNC[C@H](O)C3)nc2)cnc1N)c1c(Cl)cccc1Cl,1
238,267,COc1ccc(F)cc1Nc1ncc(Cl)c(Nc2ccccc2S(=O)(=O)NCC(C)C)n1,1
239,446,CNCC(=O)N1CCC(n2/c(=N/C(=O)c3ccccc3)[nH]c3cnc(OCCN4CCCCC4)cc32)CC1,1
240,1345,CN[C@@H]1CCN(c2ccc(Nc3ncc(Cl)c(Nc4ccccc4S(=O)(=O)NC(C)C)n3)c(OC)c2)C1,0
241,611,O=C(COc1ccc(OC(F)(F)F)cc1)NCc1nc(C(=O)NCc2cc(Cl)cc(Cl)c2)cs1,0
242,223,CNS(=O)(=O)c1ccccc1Nc1nc(Nc2ccccc2OC(F)F)ncc1Cl,1
243,672,Clc1cnc2nc1Nc1cccc(c1)CCOc1cccc(c1)N2.O=C(O)C(F)(F)F,0
244,809,COc1cc(Nc2ncc3c(n2)N(c2cccc(CCC(=O)O)n2)CC3)cc(OC)c1OC,0
245,784,COc1cccc(Nc2ncc3ccn(CCc4ccncc4)c3n2)c1,0
246,1129,COc1ccccc1Nc1ncc(Cl)c(Nc2ccc(N3CCN(C(C)C)CC3)c3c2C(=O)N(C)CC3)n1,0
247,664,COc1cc(CCNC(=O)c2csc(CNC(=O)COc3ccc(OC(F)(F)F)cc3)n2)cc(OC)c1,0
248,1167,COCCNC(=O)c1ccc(Nc2nccc(Nc3ccccc3S(N)(=O)=O)n2)cc1,0
249,294,CNC(=O)c1ccccc1Nc1nc(Nc2cccc3[nH]ccc23)ncc1Cl,1
250,1602,O=C(N=c1[nH]c2cnc(OCCN3CCCCC3)cc2n1C1CCNCC1)c1ccccc1,0
251,579,Cc1cccc(CNC(=O)c2csc(CNC(=O)COc3ccc(OC(F)(F)F)cc3)n2)c1C,0
252,902,CC(=O)N[C@H]1CC[C@H](n2c(=NC(=O)c3ccc(F)cc3)[nH]c3ccc(CN4CCC(C(C)(C)O)CC4)cc32)CC1,0
253,821,COCCOc1cc(Nc2nccc(Nc3ccc4c(c3S(N)(=O)=O)OCO4)n2)ccc1OC,0
254,884,CCN1CCc2ccc(Nc3nccc(Nc4cccc(OC)c4S(N)(=O)=O)n3)cc21,0
255,198,CNS(=O)(=O)c1ccccc1Nc1nc(Nc2ccc(N3CCCC(C(N)=O)C3)cc2OC)ncc1Cl,1
256,1091,COc1cc(Nc2ncc3ccn(-c4cccc(CCC(=O)NCN)c4)c3n2)cc(OC)c1OC,0
257,927,CC(C)(O)C1CCN(CCOc2cc3c(cn2)[nH]c(=NC(=O)c2cccc(F)c2)n3[C@H]2CC[C@@H](C(=O)N3CC(O)C3)CC2)CC1,0
258,1317,COc1cc(N2CCC(C(N)=O)CC2)ccc1Nc1ncc(Cl)c(Nc2cccc3c2C(=O)N(C)C3)n1,0
259,12,CCc1cc2c(=O)c3c4ccc(C#N)cc4[nH]c3n(C(C)C)c2cc1N1CCC(N2CCOCC2)CC1,1
260,1379,COc1ccc(Nc2ncc(Cl)c(Nc3ccc(N4CCN(C)CC4)c4c3C(=O)N(C)CC4)n2)c(OC)c1,0
261,1076,c1ccc(-n2ccc3cnc(Nc4ccc5nc[nH]c5c4)nc32)nc1,0
262,2,CCc1cc2c(=O)c3c4ccc(C#N)cc4[nH]c3n(C(C)C)c2cc1N1CCN(C(C)C)CC1,1
263,942,COc1ccccc1Nc1ncc(Cl)c(Nc2ccc(N3CCN(C(C)C)CC3)c3c2C(=O)N(C)C3)n1,0
264,1526,O=C(COc1ccc(OC(F)(F)F)cc1)NCc1nc(C(=O)NCCc2c[nH]c3ccccc23)co1,0
265,1333,CNS(=O)(=O)c1ccccc1Nc1nc(Nc2cc(N3CCC(N4CCOCC4)CC3)ccc2OC)ncc1Br,0
266,843,COc1ccc(Nc2nccc(Nc3cccc(OCC(F)=C(F)F)c3S(N)(=O)=O)n2)cc1OC,0
267,1454,COc1cc(Nc2ncc3ccn(-c4cccc(C(=O)NC(C)C(=O)O)c4)c3n2)cc(OC)c1OC,0
268,1617,CNC(=O)[C@]1(O)CC[C@H](n2c(=NC(=O)c3ccc(F)cc3)[nH]c3cnc(OCCN4CCCCC4)cc32)CC1,0
269,806,COc1ccc(Nc2nccc(Nc3ccc4c(c3S(N)(=O)=O)OCCO4)n2)cc1N1CCCCC1,0
270,1212,NS(=O)(=O)c1ccc(Nc2ccnc(Nc3cccc(OCCn4ccnc4)c3)n2)cc1,0
271,1053,COc1ccc(Nc2nccc(Nc3cccc(OC(F)F)c3S(N)(=O)=O)n2)cc1N(C)C,0
272,1296,COC(=O)Cc1cccc(-n2ccc3cnc(Nc4cc(OC)c(OC)c(OC)c4)nc32)c1,0
273,1197,COc1ccc(Nc2nccc(Nc3cc(Cl)ccc3O)n2)cc1OCCO,0
274,421,CC(C)(O)C1CCN(Cc2ccc3[nH]/c(=N\C(=O)c4ccc(F)cc4)n([C@H]4CC[C@H](C(N)=O)CC4)c3c2)CC1,1
275,951,COc1cc(Nc2ncc3ccn(CCc4ccncc4)c3n2)cc(OC)c1OC,0
276,1185,COc1ccc(Nc2ccnc(Nc3cccc(OC4CCCN(C)CC4)c3)n2)cc1O,0
277,916,COc1ccc(C(=O)N=c2[nH]c3cnc(OCCN4CCCCC4)cc3n2[C@H]2CC[C@@H](C(=O)NC(C)C)CC2)cc1,0
278,350,Cc1cc(Nc2ncc(Cl)c(Nc3cn(C)nc3S(=O)(=O)C(C)C)n2)c(OC(C)C)cc1C1CNC1,1
279,1388,COc1cc(N2CC[C@H](N(C)C)C2)ccc1Nc1ncc(Cl)c(Nc2ccc(N3CCN(C(C)C)CC3)c3c2C(=O)N(C)C3)n1,0
280,1039,CCCNc1ccc(Nc2nccc(Nc3cccc(OC)c3S(N)(=O)=O)n2)cc1C,0
281,909,CC(C)(O)C1CCN(CCOc2cc3c(cn2)[nH]/c(=N\C(=O)c2cccc(F)c2)n3C2CCC(C(=O)N3CC(O)C3)CC2)CC1,0
282,1519,C[C@@H]1COC[C@H](C)N1C(=O)c1csc(CNC(=O)COc2ccc(OC(F)(F)F)cc2)n1,0
283,1069,CN1CCc2c(N3CCC(N4CCN(C(=O)OC(C)(C)C)CC4)CC3)ccc(Nc3nc(Cl)ncc3Cl)c2C1=O,0
284,1217,NS(=O)(=O)c1ccccc1Nc1ccnc(Nc2cccc(OCCn3cncn3)c2)n1,0
285,1235,COC(=O)c1ccccc1-n1ccc2cnc(Nc3cc(OC)ccc3C)nc21,0
286,1535,O=C(COc1ccc(OC(F)(F)F)cc1)NCc1nc(C(=O)NCCN2CCCCC2)cs1,0
287,1050,C#CCOc1cccc(Nc2ccnc(Nc3ccc(C)c(NC)c3)n2)c1S(N)(=O)=O,0
288,735,Cc1n[nH]c2cc(-c3ccc(O)cc3)c3ccccc3c12,0
289,1078,COc1ccc(C)c(Nc2ncc3ccn(-c4ccc(C(=O)O)nc4)c3n2)c1,0
290,1513,COc1cccc(Cc2n[nH]c3nc(-c4ccc(O)cc4)c4cc(OC)c(OC)cc4c23)c1,0
291,1298,Cc1ccc(OC2CCCCCC2)cc1Nc1ncc2ccn(-c3ccccn3)c2n1,0
292,171,CNS(=O)(=O)c1ccccc1Nc1nc(Nc2ccc(OC3CCN(C(C)=O)CC3)cc2OC)ncc1Br,1
293,1029,NS(=O)(=O)c1c(Nc2nc(Nc3cccc(OCCN4CCCCC4)c3)ncc2Br)ccc2c1OCCO2,0
294,1191,Oc1ccccc1Nc1ccnc(Nc2cccc(OCCN3CCOCC3)c2)n1,0
295,1623,CC(=O)[C@H]1CC[C@@H](n2c(=NC(=O)c3cccc(F)c3)[nH]c3ccc(CO)cc32)CC1,0
296,1324,COc1ccc(OCCN2CCOCC2)cc1Nc1ncc(Br)c(Nc2ccccc2S(=O)(=O)NC(C)C)n1,0
297,361,C[C@@H](Oc1cc(-c2ccc3c(c2)CCNC3)cnc1N)c1c(Cl)ccc(F)c1Cl,1
298,247,CNS(=O)(=O)c1ccccc1Nc1nc(Nc2cc(N3CCOCC3)ccc2OC)ncc1Br,1
299,202,COc1cc(Nc2ncc3ccn(-c4cccc(CC(=O)NC5CCC5)c4)c3n2)cc(OC)c1OC,1
300,332,Cc1cc(Nc2ncc(Cl)c(Nc3cn(C)nc3S(=O)(=O)C(C)C)n2)c(OC2CC2)cc1C1CCNCC1,1
301,283,CCCS(=O)(=O)c1ccccc1Nc1nc(Nc2ccc(F)cc2OC)ncc1Cl,1
302,170,CNC1CCN(c2ccc(Nc3ncc(Cl)c(Nc4ccccc4S(=O)(=O)NC(C)C)n3)c(OC)c2F)C1,1
303,1465,CNS(=O)(=O)c1cc(F)ccc1Nc1nc(Nc2cc(OC)c(OC)c(OC)c2)ncc1Br,0
304,116,CCN1CCN(c2ccc(Nc3ncc(Cl)c(Nc4ccccc4S(=O)(=O)C(C)C)n3)c(OC)c2)CC1,1
305,1599,CN1CCN(c2ccc(Nc3ncc4nc(Nc5ccccc5)n(C5CCCC5)c4n3)cc2)CC1,0
306,138,CCOc1cc(N2CCOCC2)ccc1Nc1ncc(Br)c(Nc2ccccc2S(=O)(=O)NC)n1,1
307,928,CNC(=O)[C@]1(O)CC[C@@H](n2c(=NC(=O)c3ccc(F)cc3)[nH]c3cnc(OCCN4CCCCC4)cc32)CC1,0
308,624,NC(=O)[C@@H](Cc1ccccc1)NC(=O)c1csc(CNC(=O)COc2ccc(OC(F)(F)F)cc2)n1,0
309,232,CNS(=O)(=O)c1ccccc1Nc1nc(Nc2ccc(OC3CCN(C)C3)cc2OC)ncc1Br,1
310,1237,C=Cc1cccc(-n2ccc3cnc(Nc4cc(OC)c(OC)c(OC)c4)nc32)c1,0
311,827,COc1ccc(Nc2nccc(Nc3ccc4c(c3S(N)(=O)=O)OC(F)(F)O4)n2)cc1OC,0
312,758,COc1ccc(Nc2nccc(Nc3cccc(OC(F)F)c3S(N)(=O)=O)n2)cc1OC,0
313,436,COC1C=C/C=C(\C)C(=O)NC2=CC(=O)C(NCCN(C)C)=C(C[C@@H](C)CC(OC)[C@H](O)[C@@H](C)/C=C(\C)C1OC(N)=O)C2=O,1
314,252,COc1cc(N2CCOCC2)ccc1Nc1ncc(Br)c(Nc2ccccc2S(=O)(=O)N(C)C)n1,1
315,1402,COc1ccc(N2CCC(N3CCOCC3)CC2)cc1Nc1ncc(Br)c(Nc2ccccc2S(=O)(=O)NC(C)C)n1,0
316,660,CCOc1cccc(CCNC(=O)c2csc(CNC(=O)COc3ccc(OC(F)(F)F)cc3)n2)c1,0
317,1073,CNC(=O)c1cc(N2CCN(C)CC2)ccc1Nc1nc(Nc2cc(N3CC[C@H](N(C)C)C3)ccc2OC)ncc1Cl,0
318,162,CNS(=O)(=O)c1ccccc1Nc1nc(Nc2ccc(OC3CCN(C(C)C)C3)cc2OC)ncc1Cl,1
319,65,CNC1CCN(c2ccc(OC)c(Nc3ncc(Cl)c(Nc4ccccc4S(=O)(=O)NC)n3)c2)C1,1
320,289,CNS(=O)(=O)c1ccccc1Nc1nc(Nc2cc(OC)ccc2OCCO)ncc1Br,1
321,705,COc1cc2c(-c3ccc(O)cc3)nc3[nH]nc(C(C)C)c3c2cc1OC,0
322,977,Fc1ccccc1Nc1ncc2ccn(-c3ccccn3)c2n1,0
323,1641,CC(C)Oc1cc2c(cc1Nc1ncc(Cl)c(Nc3ccccc3S(=O)(=O)C(C)C)n1)C(=O)N([C@@H]1CN[C@H](C(N)=O)C1)C2,0
324,1580,O=C(COc1ccc(OC(F)(F)F)cc1)NCc1nc(C(=O)NCCc2ccccc2Cl)co1,0
325,180,COc1cc(N2CCOCC2)ccc1Nc1ncc(Cl)c(Nc2ccccc2S(=O)(=O)C2CC2)n1,1
326,863,CNS(=O)(=O)c1ccccc1Nc1nc(Nc2cccc(C(C)C)c2)ncc1Br,0
327,926,CNCC(=O)N1CCC(n2c(=NC(=O)c3ccccc3)[nH]c3cnc(OCCN4CCCCC4)cc32)CC1,0
328,1615,CC(C)NC(=O)[C@H]1CC[C@@H](n2c(=NC(=O)c3cccc(S(C)(=O)=O)c3)[nH]c3cnc(OCCN4CCCCC4)cc32)CC1,0
329,1587,CCN1CCCC1CNC(=O)c1csc(CNC(=O)COc2ccc(OC(F)(F)F)cc2)n1,0
330,59,CCCN(CCO)c1ccc(Nc2ncc(Br)c(Nc3ccccc3S(=O)(=O)NC)n2)c(C)c1,1
331,1383,COc1ccc(Nc2ncc(Cl)c(Nc3ccc(N4CCNCC4)c4c3C(=O)N(C)CC4)n2)c(OC)c1,0
332,126,CNC1CCN(c2ccc(Nc3ncc(Cl)c(Nc4ccccc4S(=O)(=O)NC)n3)c(OC)c2)C1,1
333,1380,COc1ccccc1Nc1ncc(Cl)c(Nc2ccc(N3CCNCC3)c3c2C(=O)N(C)CC3)n1,0
334,566,COc1cccc(CNC(=O)c2csc(CNC(=O)COc3ccc(OC(F)(F)F)cc3)n2)c1,0
335,1064,COc1cc(Nc2ncc3ccn(-c4cccc(C(=O)NCC(C)C)c4)c3n2)cc(OC)c1OC,0
336,868,COc1cc(Nc2nccc(Nc3cccc(N(C)C)c3S(N)(=O)=O)n2)cc(OC)c1OC,0
337,155,CCCS(=O)(=O)c1ccccc1Nc1nc(Nc2cc(N3CCN(C(C)=O)CC3)ccc2OC)ncc1Cl,1
338,562,Cc1ccc([C@H](C)NC(=O)c2csc(CNC(=O)COc3ccc(OC(F)(F)F)cc3)n2)cc1,0
339,1539,O=C(COc1ccc(OC(F)(F)F)cc1)NCc1nc(C(=O)N2CCCC3CCCCC32)cs1,0
340,1252,COc1ccc(C)c(Nc2ncc3ccn(-c4ccc(C)cn4)c3n2)c1,0
341,989,COc1cc(Nc2ncc3ccn(-c4cccnc4)c3n2)cc(OC)c1OC,0
342,957,COc1cc(Nc2ncc3ccn(-c4ccccc4C#N)c3n2)cc(OC)c1OC,0
343,1214,COc1ccc(Nc2nccc(Nc3cccc(S(N)(=O)=O)c3)n2)cc1OCCO,0
344,1009,CCCNc1ccc(Nc2nccc(Nc3ccc4c(c3S(N)(=O)=O)OCCO4)n2)cc1C,0
345,24,COc1cc(N2CCN3CCOC[C@H]3C2)ccc1Nc1ncc(Cl)c(Nc2ccccc2S(=O)(=O)NC(C)C)n1,1
346,670,COc1ccc(CNC(=O)c2csc(CNC(=O)COc3ccc(OC(F)(F)F)cc3)n2)cc1OC,0
347,1637,COc1nc(-c2ccccc2)ccc1Nc1ncc(Cl)c(Nc2ccccc2S(=O)(=O)N(C)C)n1,0
348,1286,COc1cc(Nc2ncc3ccn(-c4cccc(C(=O)NC(CC(C)C)C(=O)O)c4)c3n2)cc(OC)c1OC,0
349,305,CCOc1ccc(OC)cc1Nc1ncc(Br)c(Nc2ccccc2S(=O)(=O)NC)n1,1
350,1021,COc1cc(Nc2ncc3ccn(-c4cccc(C(=O)NCCCN(C)C)c4)c3n2)cc(OC)c1OC,0
351,1305,CCCNC(=O)c1cccc(-n2ccc3cnc(Nc4cc(OC)c(OC)c(OC)c4)nc32)c1,0
352,850,C[N+]1(CCOc2cccc(Nc3nccc(Nc4ccccc4S(N)(=O)=O)n3)c2)C=CN=C1,0
353,993,COc1cc(Nc2ncc3ccn(-c4ccc(C)cc4)c3n2)cc(OC)c1OC,0
354,869,C=CCOc1cccc(Nc2ccnc(Nc3ccc(OC)c(OC)c3)n2)c1S(N)(=O)=O,0
355,738,COc1cc(Nc2ncc3ccn(-c4cccc(C(=O)NCCCCN(C)C)c4)c3n2)cc(OC)c1OC,0
356,339,CCc1cc2c(=O)c3c4ccc(C#N)cc4[nH]c3n(C(C)C)c2cc1N1CCN(C)CC1,1
357,432,COc1c(Nc2ncc3ccc(-c4ccccc4N(C)S(C)(=O)=O)n3n2)ccc(N2CCN(C[C@H](C)O)CC2)c1F,1
358,743,CC(C)NCCCNc1ccc(Nc2ncc3ccn(-c4ccccn4)c3n2)cc1,0
359,106,CNC(=O)c1ccccc1Nc1nc(Nc2ccc(N3CCN(C(C)=O)CC3)cc2OC)ncc1Cl,1
360,1079,COc1cc(N2CCS(=O)(=O)CC2)ccc1Nc1ncc2ccn(-c3ccccn3)c2n1,0
361,974,COc1cc(Nc2ncc3ccn(-c4cccc(C)c4)c3n2)cc(OC)c1OC,0
362,1145,Oc1cccc(Nc2ccnc(Nc3ccc4cn[nH]c4c3)n2)c1,0
363,931,CC(C)NC(=O)[C@H]1CC[C@@H](n2c(=NC(=O)c3cncs3)[nH]c3cnc(OCCN4CCCCC4)cc32)CC1,0
364,308,CNC(=O)c1cc(F)ccc1Nc1nc(Nc2cccc3c2ccn3C)ncc1Cl,1
365,596,O=C(COc1ccc(OC(F)(F)F)cc1)NCc1nc(C(=O)NCCc2ccccn2)cs1,0
366,498,CN1CCN(c2ccc3cc2/C=C\c2cccc(c2)Nc2nc(ncc2Cl)N3)CC1,0
367,638,O=C(COc1ccc(OC(F)(F)F)cc1)NCc1nc(C(=O)Nc2ccc(C(=O)O)c(O)c2)cs1,0
368,910,C=CCNS(=O)(=O)c1cccc(C(=O)/N=c2\[nH]c3cnc(OCCN4CCCCC4)cc3n2C2CCC(C(=O)NC(C)C)CC2)c1,0
369,169,CCC(CC)NS(=O)(=O)c1ccccc1Nc1nc(Nc2ccc(N3CCN(C)CC3)cc2OC)ncc1Cl,1
370,1523,CCOc1cc(CCNC(=O)c2coc(CNC(=O)COc3ccc(OC(F)(F)F)cc3)n2)ccc1OC,0
371,1253,Cc1ccc(O)cc1Nc1ncc2ccn(-c3ccccn3)c2n1,0
372,448,Cc1n[nH]c([C@H]2CC[C@@H](n3/c(=N/C(=O)c4cccc(F)c4)[nH]c4ccc(CO)cc43)CC2)n1,1
373,1483,COc1cccc(Nc2ccnc(Nc3cccc(OCCN4CCCC4)c3)n2)c1S(N)(=O)=O,0
374,454,COC(=O)[C@H]1CC[C@@H](n2/c(=N/C(=O)c3cccc(C(F)(F)F)c3)[nH]c3ccc(CO)cc32)CC1,1
375,1123,COc1ccc(Nc2nccc(Nc3cccc(O)c3)n2)cc1OCCO,0
376,475,N#C[C@]1(c2ccccn2)C[C@H](n2/c(=N/C(=O)c3ccc(F)cc3)[nH]c3cnc(OCCN4CCCCC4)cc32)C1,1
377,1418,CNS(=O)(=O)c1ccccc1Nc1nc(Nc2cc(OC3CCN(C(C)C)CC3)ccc2OC)ncc1Br,0
378,29,COc1cc(OC2CCN(C)CC2)ccc1Nc1ncc(Cl)c(Nc2ccccc2S(=O)(=O)NC2CCC2)n1,1
379,606,O=C(COc1ccc(OC(F)(F)F)cc1)NCc1nc(C(=O)NCCc2cccc(C(F)(F)F)c2)cs1,0
380,1534,CCOC(=O)N1CCC(NC(=O)c2csc(CNC(=O)COc3ccc(OC(F)(F)F)cc3)n2)CC1,0
381,598,O=C(COc1ccc(OC(F)(F)F)cc1)NCc1nc(C(=O)NCCc2ccncc2)cs1,0
382,1392,CNC(=O)c1cc(N2CCC(O)CC2)ccc1Nc1nc(Nc2ccc(N3CCOCC3)cc2OC)ncc1Cl,0
383,1261,COc1cc(C)c(Nc2ncc3ccn(-c4ccc(C)cn4)c3n2)cc1OC,0
384,1170,OCCOc1ccc(Nc2ccnc(Nc3cccc(OCCn4ccnc4)c3)n2)cc1,0
385,88,CNC(=O)c1ccccc1Nc1nc(Nc2ccc(N3CCC[C@H](C(N)=O)C3)cc2OC)ncc1Cl,1
386,697,COc1cc2c(-c3ccc(O)c(F)c3)nc3[nH]nc(C)c3c2cc1OC,0
387,496,Clc1cnc2nc1Nc1cccc(c1)OCCc1cccc(c1)N2.O=C(O)C(F)(F)F,0
388,359,CC(C)Oc1cc2c(=O)c3c4ccc(C#N)cc4[nH]c3n(C(C)C)c2c(F)c1N1CCN(C)CC1,1
389,83,CCCS(=O)(=O)c1ccccc1Nc1nc(Nc2ccc(N3CCN(CC(=O)NC(C)C)CC3)cc2OC)ncc1Cl,1
390,441,CC(Oc1cc(-c2ccc(C3(O)COCC3O)nc2)cnc1N)c1cc(Cl)ccc1C(F)(F)F,1
391,3,CCCc1cc2c(=O)c3c4ccc(C#N)cc4[nH]c3n(C(C)C)c2cc1N1CCN(C)CC1,1
392,1130,CN1Cc2c(N3CCC(N4CCCCC4)CC3)ccc(Nc3nc(Cl)ncc3Cl)c2C1=O,0
393,349,Cc1cc(Nc2ncc(Cl)c(Nc3cn(C)nc3S(=O)(=O)C(C)C)n2)c(OC(C)C)cc1C1CCNC1,1
394,621,O=C(COc1ccc(OC(F)(F)F)cc1)NCc1nc(C(=O)NCc2ccccc2OC(F)(F)F)cs1,0
395,656,O=C(COc1ccc(OC(F)(F)F)cc1)NCc1nc(C(=O)NCc2ccc(F)c(F)c2)cs1,0
396,908,C=CCNS(=O)(=O)c1cccc(C(=O)N=c2[nH]c3cnc(OCCN4CCCCC4)cc3n2[C@H]2CC[C@H](C(=O)NC)CC2)c1,0
397,1489,COc1ccc(Nc2nccc(Nc3cc(Cl)ccc3O)n2)cc1OCCCn1ccnc1,0
398,1118,COc1ccc(Nc2nccc(Nc3cccc(OC)c3S(N)(=O)=O)n2)cc1,0
399,203,COc1cc(Nc2ncc3ccn(-c4cccc(Cc5nnnn5C)c4)c3n2)cc(OC)c1OC,1
400,824,NS(=O)(=O)c1c(Nc2ccnc(Nc3ccc4cn[nH]c4c3)n2)ccc2c1OCCO2,0
401,1213,COc1ccc(Nc2nccc(Nc3ccccc3S(N)(=O)=O)n2)cc1OCCO,0
402,23,CCCS(=O)(=O)c1ccccc1Nc1nc(Nc2ccc(N3CCN(C(=O)CC)CC3)cc2OC)ncc1Cl,1
403,1514,CC(=O)Nc1ncc(-c2nc3[nH]nc(C)c3c3c(F)c(O)cc(F)c23)s1,0
404,1233,Cc1ccc(OCC2CC2)cc1Nc1ncc2ccn(-c3ccccn3)c2n1,0
405,393,CC(C)n1c2cc(N3CCN(C)CC3)ccc2c(=O)c2c3ccc(C#N)cc3[nH]c21,1
406,1633,CC(C)Oc1nc(C2CCNCC2)ncc1Nc1ncc(Cl)c(Nc2ccccc2S(=O)(=O)C(C)C)n1,0
407,45,COc1cc(N2CCCC(C(N)=O)C2)ccc1Nc1ncc(Cl)c(Nc2ccccc2S(=O)(=O)C2CC2)n1,1
408,1328,COCCN1CCN(c2ccc(Nc3ncc(Cl)c(Nc4cccc5c4C(=O)N(C)C5)n3)c(OC)c2)C[C@H]1C,0
409,1158,CCc1ccc(Nc2nccc(Nc3cccc(OC)c3S(N)(=O)=O)n2)cc1NC,0
410,1063,COc1cc(Nc2ncc3ccn(-c4cccc(CC(=O)NCCN)c4)c3n2)cc(OC)c1OC,0
411,1555,O=C(COc1ccc(OC(F)(F)F)cc1)NCc1nc(C(=O)NCCc2ccccc2)co1,0
412,1055,COc1ccc(Nc2ncc(Cl)c(Nc3ccc(N4CCN(C(C)C)CC4)c4c3C(=O)N(C)C4)n2)c(OC)c1,0
413,1479,NS(=O)(=O)c1ccccc1Nc1ccnc(Nc2cccc(OCCN3CCNCC3)c2)n1,0
414,1414,COc1cc(N2CCC(N3CCN(C)CC3)CC2)ccc1Nc1ncc(Cl)c(Nc2ccccc2S(=O)(=O)NCC(C)C)n1,0
415,1404,CN1Cc2c(OC3CCN(C(=O)OC(C)(C)C)CC3)ccc(Nc3nc(Cl)ncc3Cl)c2C1=O,0
416,1650,CNC(=O)c1ccc(-c2cc(OC)c(Nc3ncc(Cl)c(Nc4ccccc4S(=O)(=O)N4CCOCC4)n3)cc2C)cc1,0
417,833,NS(=O)(=O)c1c(Nc2ccnc(Nc3cccc(OCC4CCCCO4)c3)n2)ccc2c1OCCO2,0
418,708,Cc1n[nH]c2nc(-c3ccc(N)s3)c3c(F)cc(O)c(F)c3c12,0
419,345,COc1cc(N2CCN(C[C@H](C)O)CC2)ccc1Nc1ncc2ccc(-c3ccccc3OC)n2n1,1
420,1052,COc1ccc(Nc2nccc(Nc3cccc(OC(F)(F)F)c3S(N)(=O)=O)n2)cc1N(C)C,0
421,374,COc1cc(N2CCN(C)CC2)ccc1Nc1ncc2ccc(-c3ccccc3N(C)S(C)(=O)=O)n2n1,1
422,1355,COc1cc(N2CCOCC2)ccc1Nc1ncc(Cl)c(Nc2ccccc2S(=O)(=O)N(C)CC(C)C)n1,0
423,220,CNC(=O)c1ccccc1Nc1nc(Nc2cc(F)ccc2OC)ncc1Br,1
424,1525,CCOc1cccc(CCNC(=O)c2coc(CNC(=O)COc3ccc(OC(F)(F)F)cc3)n2)c1,0
425,1473,COc1cc(Nc2ncc(Cl)c(Nc3cccc(C)c3S(N)(=O)=O)n2)cc(OC)c1OC,0
426,576,Cc1ccc(Cl)cc1CNC(=O)c1csc(CNC(=O)COc2ccc(OC(F)(F)F)cc2)n1,0
427,99,CNS(=O)(=O)c1ccccc1Nc1nc(Nc2cc(C(=O)N3CCOCC3)ccc2C)ncc1Br,1
428,440,CC(Oc1cc(-c2ccc(C3(O)CCNCC3)nc2)cnc1N)c1c(Cl)cccc1Cl,1
429,1482,CNS(=O)(=O)c1ccccc1Nc1nc(Nc2cc(OC)c(OC)c(OC)c2)ncc1C(F)(F)F,0
430,618,O=C(COc1ccc(OC(F)(F)F)cc1)NCc1nc(C(=O)NC2CCN(Cc3ccccc3)CC2)cs1,0
431,704,COc1cc2c(-c3cc(C)c(O)cc3C)nc3[nH]nc(C)c3c2cc1OC,0
432,335,COc1cc2c(=O)c3c4ccc(C#N)cc4[nH]c3n(C(C)C)c2c(F)c1C1CCN(C(C)C)CC1,1
433,1390,COc1ccccc1Nc1ncc(Cl)c(Nc2ccc(N3CCN(C)CC3)c3c2C(=O)N(C)CC3)n1,0
434,464,COC(=O)[C@H]1CC[C@@H](n2/c(=N/C(=O)c3ccccc3)[nH]c3cnccc32)CC1,1
435,191,CCN1Cc2cccc(Nc3nc(Nc4ccc(N5CCN(C)CC5)cc4OC)ncc3Cl)c2C1=O,1
436,530,O=C(COc1ccc(Br)cc1)NCc1nc(C(=O)NCCc2cccc(Cl)c2)cs1,0
437,1510,COc1ccc(Cc2n[nH]c3nc(-c4ccc(O)cc4)c4cc(OC)c(OC)cc4c23)cc1OC,0
438,392,COc1ccccc1Nc1nc(Nc2ccc(N3CCN(C)CC3)cc2)ncc1Cl,1
439,489,CN(C)S(=O)(=O)c1ccccc1Nc1ccnc(Nc2cccc(OCCn3ccnc3)c2)n1,0
440,1661,CC(C)S(=O)(=O)c1ccccc1Nc1nc(Nc2cc(C(=O)NCCN3CCOCC3)nc3ccccc23)ncc1Cl,0
441,219,COc1cc(N2CCOCC2)ccc1Nc1ncc(Cl)c(Nc2ccccc2S(C)(=O)=O)n1,1
442,1568,O=C(C/C=C/c1ccccc1)NCc1nc(C(=O)NCCc2ccccc2F)cs1,0
443,1148,COc1ccc(Nc2ccnc(Nc3ccccc3)n2)cc1O,0
444,619,CCOc1ccc(CCNC(=O)c2csc(CNC(=O)COc3ccc(OC(F)(F)F)cc3)n2)cc1OC,0
445,510,CC(C)(C)CC(C)(C)NC(=O)c1csc(CNC(=O)COc2ccc(OC(F)(F)F)cc2)n1,0
446,418,CC(=O)N[C@H]1CC[C@H](n2/c(=N/C(=O)c3cccc(F)c3)[nH]c3ccc(CN4CCC(C(C)(C)O)CC4)cc32)CC1,1
447,1401,COc1ccc(N2CCC(N3CCN(C)CC3)CC2)cc1Nc1ncc(Br)c(Nc2ccccc2S(=O)(=O)N(C)C)n1,0
448,556,CSc1ccccc1CNC(=O)c1coc(CNC(=O)COc2ccc(OC(F)(F)F)cc2)n1,0
449,538,CC(C)C[C@@H](NC(=O)c1csc(CNC(=O)COc2ccc(OC(F)(F)F)cc2)n1)C(N)=O,0
450,383,COc1cc2c(cc1Nc1ncc(Cl)c(N[C@H]3[C@@H](C(N)=O)[C@@H]4C=C[C@H]3C4)n1)CCC(N1CCN(C)CC1)CC2,1
451,137,CNS(=O)(=O)c1ccccc1Nc1nc(Nc2cc(OC3CCNCC3)ccc2OC)ncc1Br,1
452,671,C=CCNC1=C2C[C@@H](C)CC(OC)[C@H](O)[C@@H](C)/C=C(\C)C(OC(N)=O)C(OC)C=C/C=C(\C)C(=O)NC(=CC1=O)C2=O,0
453,1300,COc1cc(Nc2ncc3ccn(-c4cccc(CC(=O)NCCO)c4)c3n2)cc(OC)c1OC,0
454,1389,COc1cc(N2CC[C@@H](N(C)C)C2)ccc1Nc1ncc(Cl)c(Nc2ccc(N3CCN(C(C)C)CC3)c3c2C(=O)N(C)C3)n1,0
455,914,CC(C)NC(=O)[C@H]1CC[C@@H](n2c(=NC(=O)c3ccc(S(C)(=O)=O)cc3)[nH]c3cnc(OCCN4CCCCC4)cc32)CC1,0
456,1117,Oc1ccccc1Nc1ccnc(Nc2cccc(OCCn3cncn3)c2)n1,0
457,1220,COc1cc(Nc2nccc(Nc3ccccc3S(N)(=O)=O)n2)cc(OC)c1O,0
458,781,O=C(/N=c1\[nH]c2ccc(CN3CCOCC3)cc2n1C1CCC(C(=O)NO)CC1)c1ccc(F)cc1,0
459,1417,COc1cc(N2CC[C@H](N(C)C)C2)ccc1Nc1ncc(Cl)c(Nc2cccc3c2C(=O)N(C)C3)n1,0
460,1306,COc1cc(Nc2ncc3ccn(-c4cccc(CCC(=O)N(C)C)c4)c3n2)cc(OC)c1OC,0
461,1087,COc1cc(Nc2ncc3ccn(-c4cccc(C(=O)NC5CCCC5)c4)c3n2)cc(OC)c1OC,0
462,653,O=C(COc1ccc(OC(F)(F)F)cc1)NCc1nc(C(=O)NCc2cccc(F)c2F)cs1,0
463,1553,C[C@H](CNC(=O)c1coc(CNC(=O)COc2ccc(OC(F)(F)F)cc2)n1)c1ccccc1,0
464,1585,COc1cccc(CCNC(=O)c2coc(CNC(=O)COc3ccc(OC(F)(F)F)cc3)n2)c1,0
465,724,COc1ccc2c(-c3ccc(O)c(Cl)c3)nc3[nH]nc(C)c3c2c1OCCN1CCOCC1,0
466,188,COc1cc(N2CCN(CCO)CC2)ccc1Nc1ncc(Cl)c(Nc2ccccc2S(=O)(=O)C(C)C)n1,1
467,472,CC(C)NC(=O)[C@H]1CC[C@@H](n2/c(=N/C(=O)NC3CCCCC3)[nH]c3cnc(OCCN4CCCCC4)cc32)CC1,1
468,1094,COc1cc(N2CCC(O)CC2)ccc1Nc1ncc(Cl)c(Nc2ccc(N3CCN(C(C)C)CC3)c3c2C(=O)N(C)C3)n1,0
469,765,COc1ccc(Nc2nccc(Nc3ccc4c(c3S(N)(=O)=O)OCCO4)n2)cc1N(C)C,0
470,889,COc1cc(Nc2nccc(Nc3ccc4c(c3S(N)(=O)=O)OCCO4)n2)cc(OC)c1OC,0
471,616,CCCCNC(=O)c1csc(CNC(=O)COc2ccc(OC(F)(F)F)cc2)n1,0
472,1011,COCCCNc1cc(Nc2nccc(Nc3ccc4c(c3S(N)(=O)=O)OCCO4)n2)ccc1C,0
473,216,CNS(=O)(=O)c1ccccc1Nc1nc(Nc2ccc(N3CCOCC3)cc2OC)ncc1Cl,1
474,634,O=C(COc1ccc(OC(F)(F)F)cc1)NCc1nc(C(=O)NCc2c(F)cccc2F)cs1,0
475,953,CCc1ccc(-n2ccc3cnc(Nc4cc(OC)c(OC)c(OC)c4)nc32)cc1,0
476,141,CNS(=O)(=O)c1ccccc1Nc1nc(Nc2ccc(N(CCOC)CCOC)cc2OC)ncc1Br,1
477,1280,COc1cc(Nc2ncc3ccn(-c4cccc(CC(=O)NCCNC(C)=O)c4)c3n2)cc(OC)c1OC,0
478,1327,COCCN1CCN(c2ccc(Nc3ncc(Cl)c(Nc4cccc5c4C(=O)N(C)C5)n3)c(OC)c2)C[C@@H]1C,0
479,917,CC(C)NC(=O)[C@H]1CC[C@@H](n2c(=NC(=O)c3ccc4cc[nH]c4c3)[nH]c3cnc(OCCN4CCCCC4)cc32)CC1,0
480,526,CSc1ccc(NC(=O)NCc2nc(C(=O)NCCc3cccc(Cl)c3)cs2)cc1,0
481,772,CC(C)NC(=O)C1CCC(n2/c(=N/C(=O)N3CCOCC3)[nH]c3cnc(OCCN4CCCCC4)cc32)CC1,0
482,722,COc1ccc(Cc2n[nH]c3nc(-c4ccc(O)cc4)c4cc(OC)c(OC)cc4c23)cc1,0
483,1439,CNC(=O)c1ccc(Nc2ncc(Cl)c(Nc3cccc4c3S(=O)(=O)CCC4)n2)c(OC)c1,0
484,1548,O=C(COc1ccc(OC(F)(F)F)cc1)NCc1nc(C(=O)NCc2ccccc2Cl)co1,0
485,798,COc1ccc(Nc2nccc(Nc3ccc4c(c3S(N)(=O)=O)CCC4)n2)cc1OCCN1CCCCC1,0
486,1458,COc1cc(Nc2ncc3ccn(-c4cccc(CCC(=O)NCCN)c4)c3n2)cc(OC)c1OC,0
487,1592,O=C(COc1ccc(OC(F)(F)F)cc1)NCc1nc(C(=O)NCCc2ccc(Br)cc2)co1,0
488,1310,COc1cc(N2CC[C@@H](N(C)C)C2)ccc1Nc1ncc(Cl)c(Nc2cccc3c2C(=O)N(C)CC3)n1,0
489,969,COc1cc(Nc2ncc3ccn(-c4cccc(CC(=O)O)c4)c3n2)cc(OC)c1OC,0
490,1370,COc1cc(N2CCN(C(C)C)CC2)ccc1Nc1ncc(Cl)c(Nc2cccc3c2C(=O)N(C)C3)n1,0
491,1180,COc1ccc(Nc2nccc(Nc3ccccc3S(N)(=O)=O)n2)cc1OCCn1ccnc1,0
492,665,COc1cc(CCNC(=O)c2coc(CNC(=O)COc3ccc(OC(F)(F)F)cc3)n2)cc(OC)c1,0
493,101,CNC(=O)c1c(C)cccc1Nc1nc(Nc2ccc(OC3CCN(C)CC3)cc2OC)ncc1Cl,1
494,1443,CNC(=O)c1ccc(OC)c(Nc2ncc(Cl)c(Nc3ccccc3S(=O)(=O)NCC(C)C)n2)c1,0
495,234,CNS(=O)(=O)c1ccccc1Nc1nc(Nc2cc(OC)ccc2C)ncc1Br,1
496,962,COc1cc(Nc2ncc3ccn(-c4ccc(C(C)(C)C)cc4)c3n2)cc(OC)c1OC,0
497,613,O=C(C/C=C/c1ccccc1)NCc1nc(C(=O)NCCc2cccc(Cl)c2)cs1,0
498,862,CNS(=O)(=O)c1ccccc1Nc1nc(Nc2cc(OC)c(C)c(OC)c2)ncc1Br,0
499,642,O=C(COc1ccc(OC(F)(F)F)cc1)NCc1nc(C(=O)N[C@@H]2CCC[C@H]2OCc2ccccc2)cs1,0
500,144,CCS(=O)(=O)c1ccccc1Nc1nc(Nc2ccc(N3CCN(C(C)=O)CC3)cc2OC)ncc1Cl,1
501,1657,CC(C)S(=O)(=O)c1ccccc1Nc1nc(Nc2cc(C(=O)NC3CCNCC3)nc3ccccc23)ncc1Cl,0
502,1349,COc1cc(N2CCOCC2)ccc1Nc1ncc(Cl)c(Nc2cccc3c2C(=O)N(C)CC3)n1,0
503,947,COc1ccc(Nc2ncc(Cl)c(Nc3ccc(N4CCNCC4)c4c3C(=O)N(C)C4)n2)c(OC)c1,0
504,1155,COc1cc(Nc2ncc3ccn(-c4cccc(C(=O)NCCC#N)n4)c3n2)cc(OC)c1OC,0
505,1619,CC(C)(O)C1CCN(CCOc2cc3c(cn2)[nH]c(=NC(=O)c2cccc(F)c2)n3[C@H]2CC[C@@H](C(=O)O)CC2)CC1,0
506,156,COc1cc(N2CCC(C(N)=O)CC2)ccc1Nc1ncc(Cl)c(Nc2ccccc2S(=O)(=O)C(C)C)n1,1
507,377,COc1cc(N2CCN(C[C@H](C)O)CC2)ccc1Nc1ncc2ccc(-c3ccccc3N(C)S(C)(=O)=O)n2n1,1
508,617,CC(C)CCNC(=O)c1csc(CNC(=O)COc2ccc(OC(F)(F)F)cc2)n1,0
509,1032,NS(=O)(=O)c1c(Nc2ccnc(Nc3cccc(OCCN4CCCCC4)c3)n2)ccc2c1OCCCO2,0
510,727,COc1cc2c(c(-c3ccc(O)c(Cl)c3)nc3[nH]nc(C)c32)c(Cl)c1OC,0
511,769,CC(=O)NC1CCC(n2/c(=N/C(=O)c3ccc(F)cc3)[nH]c3ccc(CN4CCC(C(C)(C)O)CC4)cc32)CC1,0
512,85,COc1cc(N2CCC(N3CCN(C)CC3)CC2)ccc1Nc1ncc(Cl)c(Nc2cccc3c2C(=O)N(C)C3)n1,1
513,1200,COc1cc(Nc2nccc(Nc3ccc([N+](=O)[O-])cc3O)n2)cc(OC)c1OC,0
514,14,CCc1cc2c(=O)c3c4ccc(C#N)cc4[nH]c3n(C(C)C)c2cc1C1CCN(C2CCOCC2)CC1,1
515,1384,CN1Cc2c(N3CCC(N4CCN(C(=O)OC(C)(C)C)CC4)CC3)ccc(Nc3nc(Cl)ncc3Cl)c2C1=O,0
516,856,CNS(=O)(=O)c1cc(Cl)c(C)cc1Nc1nc(Nc2cc(OC)c(OC)c(OC)c2)ncc1Br,0
517,1164,COc1cc(Nc2ncc(C)c(Nc3cccc(S(N)(=O)=O)c3)n2)cc(OC)c1OC,0
518,600,CSc1ccccc1CNC(=O)c1csc(CNC(=O)COc2ccc(OC(F)(F)F)cc2)n1,0
519,709,COc1cc2c(-c3ccc(O)c(Cl)c3)nc3[nH]nc(C(F)(F)F)c3c2cc1OC,0
520,313,CNC(=O)c1ccccc1Nc1nc(Nc2cc(N3CCOCC3)ccc2OC)ncc1Cl,1
521,992,COc1cc(Nc2ncc3ccn(-c4ccncc4)c3n2)cc(OC)c1OC,0
522,676,Clc1cnc2nc1Nc1cccc(c1)CSCc1cccc(c1)N2.O=C(O)C(F)(F)F,0
523,584,CC(NC(=O)c1csc(CNC(=O)COc2ccc(OC(F)(F)F)cc2)n1)c1ccc(F)cc1,0
524,1110,c1ccc(Nc2nccc(Nc3ccc(N4CCOCC4)cc3)n2)cc1,0
525,1186,COc1ccc(Nc2nccc(Nc3cccc(C)c3S(N)(=O)=O)n2)cc1OCCO,0
526,1502,Cn1c2cc(N3CCC(N4CCOCC4)CC3)ccc2c(=O)c2c3ccc(C#N)cc3[nH]c21,0
527,984,Cc1cccc(Nc2ncc3ccn(-c4ccccn4)c3n2)c1,0
528,543,O=C(COc1ccc(OC(F)(F)F)cc1)NCc1nc(C(=O)NCC2CCCCC2)cs1,0
529,1211,COc1ccc(Nc2nccc(Nc3ccccc3O)n2)cc1OCCCn1ccnc1,0
530,48,CNS(=O)(=O)c1ccccc1Nc1nc(Nc2cccc3c2ccn3CCCN2CCN(C)CC2)ncc1Cl,1
531,637,C[C@@H]1[C@@H](NC(=O)c2csc(CNC(=O)COc3ccc(OC(F)(F)F)cc3)n2)C[C@H]2C[C@@H]1C2(C)C,0
532,1612,NC(=O)[C@H]1CC[C@H](n2c(=NC(=O)c3cc(F)cc(F)c3)[nH]c3cnc(OCCN4CCCCC4)cc32)CC1,0
533,1174,CN1CCCC(Oc2cccc(Nc3nccc(Nc4cccc(O)c4)n3)c2)CC1,0
534,117,CNS(=O)(=O)c1ccccc1Nc1nc(Nc2cc(N3CCC(O)CC3)ccc2OC)ncc1Cl,1
535,663,COc1ccc(OC)c(CNC(=O)c2csc(CNC(=O)COc3ccc(OC(F)(F)F)cc3)n2)c1,0
536,545,O=C(COc1ccc(OC(F)(F)F)cc1)NCc1nc(C(=O)NCCc2cccc(F)c2)co1,0
537,995,COc1cc(Nc2ncc3ccn(-c4nccs4)c3n2)cc(OC)c1OC,0
538,1229,C=Cc1ccccc1-n1ccc2cnc(Nc3cc(OC)c(OC)c(OC)c3)nc21,0
539,1466,COc1cc(Nc2nccc(Nc3cccc(-c4ccccc4)c3S(N)(=O)=O)n2)cc(OC)c1OC,0
540,794,C=CCNS(=O)(=O)c1cc(C(=O)Nc2nc3ccc(CN4CCCCC4)cc3n2C2CCC(C(=O)O)CC2)ccc1F,0
541,1629,COc1cc(-c2ccc(C(N)=O)cc2)c(C)cc1Nc1ncc(Cl)c(Nc2ccccc2S(=O)(=O)N(C)C)n1,0
542,1426,Cc1cccc(Nc2ccnc(Nc3cccc(OCCN4CCN(C5CCCC5)CC4)c3)n2)c1S(N)(=O)=O,0
543,553,CCCCCC(C)NC(=O)c1csc(CNC(=O)COc2ccc(OC(F)(F)F)cc2)n1,0
544,158,CCS(=O)(=O)c1ccccc1Nc1nc(Nc2ccc(N3CCCC(C(N)=O)C3)cc2OC)ncc1Cl,1
545,815,COc1ccc(Nc2ncc(F)c(Nc3ccc4c(c3S(N)(=O)=O)OCCO4)n2)cc1N(C)C,0
546,1226,COc1cc(Nc2ncc3ccn(-c4ccc(C)c(C)c4)c3n2)cc(OC)c1OC,0
547,899,O=C(N=c1[nH]c2ccc(CN3CCOCC3)cc2n1[C@H]1CC[C@@H](C(=O)NO)CC1)c1ccc(F)cc1,0
548,930,COc1ccc(Nc2ncc(Cl)c(Nc3ccc(N4CCC(O)CC4)c4c3C(=O)N(C)C4)n2)c(OC)c1,0
549,725,COc1cc2c(-c3ccc(O)cc3)nc3[nH]nc(Cc4ccc(C)cc4)c3c2cc1OC,0
550,1495,Clc1cnc2nc1NCc1cccc(c1)OCCc1cccc(c1)N2,0
551,973,Cc1ccc(-c2cnc3ccccc3n2)cc1Nc1ncc2ccn(-c3ccccn3)c2n1,0
552,832,COc1ccc(Nc2nccc(Nc3cccc(OCC(F)(F)F)c3S(N)(=O)=O)n2)cc1N(C)C,0
553,762,C=CCOc1cccc(Nc2ccnc(Nc3ccc4cnn(C)c4c3)n2)c1S(N)(=O)=O,0
554,218,COc1ccc(Nc2ncc(Cl)c(Nc3ccc(N4CCC(N5CCN(C)CC5)CC4)c4c3C(=O)N(C)C4)n2)c(OC)c1,1
555,1241,COc1cc(Nc2ncc3c(n2)N(c2ccccn2)C(O)C3O)cc(OC)c1OC,0
556,245,COc1ccccc1Nc1ncc(Cl)c(Nc2ccc(N3CCNCC3)c3c2C(=O)N(C)C3)n1,1
557,582,O=C(COc1ccc(OC(F)(F)F)cc1)NCc1nc(C(=O)NCc2ccc(Cl)cc2Cl)cs1,0
558,452,CC(C)(O)C1CCN(CCOc2cc3c(cn2)[nH]/c(=N\C(=O)c2cccc(F)c2)n3[C@H]2CC[C@@H](C(=O)N3C[C@@H]4C[C@H]3CN4)CC2)CC1,1
559,532,CCSCCNC(=O)c1csc(CNC(=O)COc2ccc(OC(F)(F)F)cc2)n1,0
560,590,CC(C)c1ccc(CC(=O)NCc2nc(C(=O)NCCc3cccc(Cl)c3)cs2)cc1,0
561,711,COc1cc2c(-c3ccc(O)cc3)cc3[nH]nc(C)c3c2c(F)c1OC,0
562,754,COc1cc(Nc2nccc(Nc3ccc4c(c3S(N)(=O)=O)OCCO4)n2)ccc1F,0
563,1589,CCCC1CCN(C(=O)c2csc(CNC(=O)COc3ccc(OC(F)(F)F)cc3)n2)CC1,0
564,1449,COc1cc(Nc2ncc3ccn(-c4cccc(C(=O)N5CCCC5C(=O)O)c4)c3n2)cc(OC)c1OC,0
565,433,CC(Oc1cc(-c2ccc(C3CO[C@@H]4[C@H](O)CO[C@H]34)nc2)cnc1N)c1c(Cl)cccc1Cl,1
566,987,COc1cccc(Nc2ncc3ccn(-c4ccccn4)c3n2)c1,0
567,706,CCc1n[nH]c2nc(-c3ccc(O)cc3)c3cc(OC)c(OC)cc3c12,0
568,499,Clc1cnc2nc1Nc1cccc(c1)CCCNc1cccc(c1)N2.O=C(O)C(F)(F)F,0
569,39,CNS(=O)(=O)c1ccccc1Nc1nc(Nc2ccc(OCCCN3CCOCC3)cc2OC)ncc1Br,1
570,1521,O=C(COc1ccc(OC(F)(F)F)cc1)NCc1nc(C(=O)NCc2ccc(F)cc2C(F)(F)F)cs1,0
571,1381,CN1CCN(c2ccc(Nc3nc(Nc4ccccc4F)ncc3Cl)c3c2CCN(C)C3=O)CC1,0
572,275,COc1cc(Nc2ncc3ccn(-c4ccnc(Cl)c4)c3n2)cc(OC)c1OC,1
573,1240,COc1cc(Nc2ncc3ccn(-c4cc(C)ccc4[N+](=O)[O-])c3n2)cc(OC)c1OC,0
574,1294,CCCNS(=O)(=O)c1ccccc1-n1ccc2cnc(Nc3cc(O)ccc3C)nc21,0
575,1448,CNS(=O)(=O)c1ccccc1Nc1nc(Nc2cc(N3CCC(N(C)C)C3)ccc2OC)ncc1Br,0
576,281,CNS(=O)(=O)c1ccccc1Nc1nc(Nc2cc(OC)c(OC)cc2C)ncc1Cl,1
577,307,CCS(=O)(=O)c1ccccc1Nc1nc(Nc2ccc(-n3cncn3)cc2OC)ncc1Cl,1
578,407,C[C@@H]1Oc2cc(cnc2N)-c2c(nn(C)c2C#N)N(C)C(=O)COc2ccc(F)cc21,1
579,513,O=C(COc1ccc(OC(F)(F)F)cc1)NCc1nc(C(=O)NCCOc2ccccc2)cs1,0
580,186,CNC(=O)c1ccccc1Nc1nc(Nc2ccc(N3CCOCC3)c3c2ccn3C)ncc1Cl,1
581,1303,COC(=O)CNC(=O)c1cccc(-n2ccc3cnc(Nc4cc(OC)c(OC)c(OC)c4)nc32)c1,0
582,293,CNS(=O)(=O)c1ccccc1Nc1nc(Nc2cc(N3CCC(N(C)C)C3)ccc2OC)ncc1Cl,1
583,1626,C[C@H]1Oc2cc(cnc2N)-c2c(nn(C)c2C#N)N(C)C(=O)COc2ccc(F)cc21,0
584,1567,COCC(C)NC(=O)c1csc(CNC(=O)COc2ccc(OC(F)(F)F)cc2)n1,0
585,1165,CNS(=O)(=O)c1c(C)cccc1Nc1ccnc(Nc2cc(OC)c(OC)c(OC)c2)n1,0
586,1356,COc1ccc(N2CCN(C)CC2)cc1Nc1ncc(Cl)c(Nc2ccccc2S(=O)(=O)NCC(C)C)n1,0
587,1616,N#C[C@]1(c2ccccn2)C[C@H](n2c(=NC(=O)c3ccc(F)cc3)[nH]c3cnc(OCCN4CCCCC4)cc32)C1,0
588,46,COc1cc(N2CCC[C@@H](C(N)=O)C2)ccc1Nc1ncc(Cl)c(Nc2ccccc2S(=O)(=O)C2CC2)n1,1
589,814,Cn1ncc2ccc(Nc3ncc(Br)c(Nc4ccc5c(c4S(N)(=O)=O)OCCO5)n3)cc21,0
590,1314,COc1cc(N2CCN(C(C)C)CC2)ccc1Nc1ncc(Cl)c(Nc2cccc3c2C(=O)N(C)CC3)n1,0
591,291,CCOc1ccc(OCC)c(Nc2ncc(Br)c(Nc3ccccc3S(=O)(=O)NC)n2)c1,1
592,1560,CC(CNC(=O)c1coc(CNC(=O)COc2ccc(OC(F)(F)F)cc2)n1)c1ccccc1,0
593,980,COc1ccc(C)c(Nc2ncc3ccn(-c4ccccn4)c3n2)c1,0
594,996,c1ccc(-n2ccc3cnc(Nc4ccc5c(c4)OCO5)nc32)nc1,0
595,437,CC(Oc1cc(-c2ccc(C3CNC[C@H](O)C3)nc2)cnc1N)c1c(F)ccc(F)c1Cl,1
596,900,CC(C)NC(=O)[C@H]1CC[C@@H](n2c(=NC(=O)c3ccc(C(N)=O)cc3)[nH]c3cnc(OCCN4CCCCC4)cc32)CC1,0
597,1511,COc1cc2c(-c3ccc(O)c(O)c3)nc3[nH]nc(Cc4ccccc4)c3c2cc1OC,0
598,979,Clc1ccccc1Nc1ncc2ccn(-c3ccccn3)c2n1,0
599,518,O=C(COc1ccc(OC(F)(F)F)cc1)NCc1nc(C(=O)NCc2ccccn2)cs1,0
600,976,Brc1ccccc1Nc1ncc2ccn(-c3ccccn3)c2n1,0
601,875,COc1ccc(Nc2nccc(Nc3ccc4c(c3S(N)(=O)=O)OCO4)n2)cc1OC,0
602,789,COC(=O)C1CCC(n2/c(=N/C(=O)c3ccccc3)[nH]c3cnccc32)CC1,0
603,1266,COc1ccc(Nc2ncc3ccn(-c4ccc(Cl)nc4)c3n2)c(C)c1,0
604,1113,NS(=O)(=O)c1cccc(Nc2ccnc(Nc3ccc4[nH]ncc4c3)n2)c1,0
605,866,COc1cc(Nc2nccc(Nc3ccc4c(c3S(N)(=O)=O)CCC4)n2)cc(OC)c1OC,0
606,419,C=CCNS(=O)(=O)c1cccc(C(=O)/N=c2\[nH]c3cnc(OCCN4CCCCC4)cc3n2[C@H]2CC[C@H](C(N)=O)CC2)c1,1
607,1267,COc1ccc(Nc2ncc3ccn(-c4ccnc(Cl)c4)c3n2)c(C)c1,0
608,337,CCc1cc2c(=O)c3c4ccc(C#N)cc4[nH]c3n(C(C)C)c2cc1C1CCN(C2COC2)CC1,1
609,826,COc1cc(Nc2nccc(Nc3ccc4c(c3S(N)(=O)=O)OCCO4)n2)ccc1N(C)C,0
610,1662,CC(C)Oc1cc(C2CCN(CCO)CC2)ccc1Nc1nc(Nc2ccccc2S(=O)(=O)C(C)C)c2nc[nH]c2n1,0
611,303,COc1cc(F)ccc1Nc1ncc(Cl)c(Nc2ccccc2S(=O)(=O)NCC(C)C)n1,1
612,295,CNC(=O)c1cc(OC)ccc1Nc1nc(Nc2ccc(F)cc2OC)ncc1Cl,1
613,861,CNS(=O)(=O)c1ccc(OC)cc1Nc1nc(Nc2cc(OC)c(OC)c(OC)c2)ncc1Br,0
614,1309,COc1cc(N2CCOCC2)ccc1Nc1ncc(Cl)c(Nc2ccccc2S(=O)(=O)NCCN(C)C)n1,0
615,1056,COc1cc(Nc2ncc3ccn(-c4cccc(C(=O)NCCCO)c4)c3n2)cc(OC)c1OC,0
616,1216,CN1CCCC(Oc2cccc(Nc3nccc(Nc4ccccc4O)n3)c2)CC1,0
617,971,COc1cc(Nc2ncc3ccn(-c4cccc(C(=O)O)c4)c3n2)cc(OC)c1OC,0
618,1659,CC(C)Oc1cc2c(cc1Nc1ncc(Cl)c(Nc3ccccc3S(=O)(=O)C(C)C)n1)C(=O)N([C@@H]1CCCN(CCO)C1)C2,0
619,649,CSCC(C)NC(=O)c1csc(CNC(=O)COc2ccc(OC(F)(F)F)cc2)n1,0
620,435,CO[C@H]1/C=C\C=C(C)C(=O)NC2=CC(=O)C(NCCN(C)C)=C(C[C@@H](C)C[C@H](OC)[C@H](O)[C@@H](C)/C=C(\C)[C@@H]1OC(N)=O)C2=O,1
621,587,COc1cccc(CNC(=O)c2csc(CNC(=O)Nc3ccc(C(C)C)cc3)n2)c1OC,0
622,800,COc1ccc(Nc2nccc(Nc3cccc(OCCCC(F)(F)C(F)(F)F)c3S(N)(=O)=O)n2)cc1OC,0
623,355,COc1cc2c(=O)c3c4ccc(C#N)cc4[nH]c3n(C(C)C)c2cc1N1CCN(C)CC1,1
624,808,COc1cc(Nc2ncc3ccn(-c4cccc(C(=O)NCCNC(C)=O)c4)c3n2)cc(OC)c1OC,0
625,334,CCc1cc2c(=O)c3c4ccc(C#N)cc4[nH]c3n(C(C)C)c2cc1N1CCOCC1,1
626,838,CN1CCN(c2cccc(Nc3nccc(Nc4ccc5c(c4S(N)(=O)=O)OCCO5)n3)c2)CC1,0
627,60,COc1cc(N2CCOCC2)ccc1Nc1ncc(Cl)c(Nc2ccccc2C(=O)NC(C)C)n1,1
628,1257,COc1ccc(C)c(Nc2ncc3ccn(-c4cccs4)c3n2)c1,0
629,1038,CCc1ccc(Nc2nccc(Nc3ccc4c(c3S(N)(=O)=O)OCCO4)n2)cc1NC,0
630,1618,CC(=O)C1CCC(n2/c(=N/C(=O)c3cccc(F)c3)[nH]c3ccc(CO)cc32)CC1,0
631,574,O=C(COc1ccc(OC(F)(F)F)cc1)NCc1nc(C(=O)NCCc2ccc(Cl)cc2)cs1,0
632,593,CC(C)c1ccc(OCC(=O)NCc2nc(C(=O)NCCc3ccccc3F)cs2)cc1,0
633,873,COc1cc(Nc2nccc(Nc3cccc(OC)c3S(N)(=O)=O)n2)cc(OC)c1OC,0
634,1413,CNC(=O)c1cc(N2CCN(C)CC2)ccc1Nc1nc(Nc2ccc(N3CC[C@H](N(C)C)C3)cc2OC)ncc1Cl,0
635,517,CCC(CC)CNC(=O)c1csc(CNC(=O)COc2ccc(OC(F)(F)F)cc2)n1,0
636,846,COc1ccc(Nc2nccc(Nc3ccc(C)c(C)c3S(N)(=O)=O)n2)cc1OCCCN1CCCC1,0
637,1366,COc1cc(N2CCOCC2)ccc1Nc1ncc(Cl)c(Nc2ccccc2S(=O)(=O)NCCO)n1,0
638,27,CNS(=O)(=O)c1ccccc1Nc1nc(Nc2cccc3c2ccn3CCCN2CCOCC2)ncc1Cl,1
639,1047,CNc1cc(Nc2nccc(Nc3cccc(OC)c3S(N)(=O)=O)n2)ccc1F,0
640,497,Clc1cnc2nc1Nc1cccc(c1)OCCNc1cccc(c1)N2.O=C(O)C(F)(F)F,0
641,1262,COc1cc(Nc2ncc3ccn(-c4ncccn4)c3n2)cc(OC)c1OC,0
642,985,Cc1ccccc1Nc1ncc2ccn(-c3ccccn3)c2n1,0
643,0,CCc1cc2c(=O)c3c4ccc(C#N)cc4[nH]c3n(C(C)C)c2cc1N1CCNCC1,1
644,662,O=C(COc1ccc(OC(F)(F)F)cc1)NCc1nc(C(=O)NCc2ccc(F)c(Cl)c2)cs1,0
645,701,COCc1n[nH]c2nc(-c3ccc(O)c(Cl)c3)c3cc(OC)c(OC)cc3c12,0
646,205,COc1cc(N2CCOCC2)ccc1Nc1ncc(Cl)c(Nc2ccccc2S(=O)(=O)NC2CCCC2)n1,1
647,1293,COC(=O)Cc1ccccc1-n1ccc2cnc(Nc3cc(OC)c(OC)c(OC)c3)nc21,0
648,100,CNC1CCN(c2ccc(Nc3ncc(Cl)c(Nc4ccccc4S(=O)(=O)NC(C)C)n3)c(OC)c2)C1,1
649,122,CCNC(=O)c1ccccc1Nc1nc(Nc2ccc(N3CCOCC3)cc2OC)ncc1Cl,1
650,689,Clc1cnc2nc1Nc1cccc(c1)OCCOc1cccc(c1)N2.O=C(O)C(F)(F)F,0
651,522,O=C(COc1cccc(Cl)c1)NCc1nc(C(=O)NCCc2cccc(Cl)c2)cs1,0
652,1391,COc1cc(N2CCC(N3CCN(C)CC3)CC2)ccc1Nc1ncc(Cl)c(Nc2cccc3c2C(=O)N(C)CC3)n1,0
653,1177,NS(=O)(=O)c1ccccc1Nc1ccnc(Nc2cccc(OCCn3ccnc3)c2)n1,0
654,153,COc1cc(CN2CCN(C)CC2)ccc1Nc1ncc(Cl)c(Nc2ccccc2S(=O)(=O)C2CC2)n1,1
655,1372,COc1cc(N2CCC[C@](C)(C(N)=O)C2)ccc1Nc1ncc(Cl)c(Nc2cccc3c2C(=O)N(C)C3)n1,0
656,1430,COc1cccc(Nc2ccnc(Nc3ccc(C)c(OCCN4CCCC4)c3)n2)c1S(N)(=O)=O,0
657,386,COc1cc2c(=O)c3c4ccc(C#N)cc4[nH]c3n(C3CC3)c2cc1N1CCN(C)CC1,1
658,56,COc1ccc(Nc2ncc3ccn(-c4cccc(Cl)c4)c3n2)c(C)c1,1
659,1172,COc1ccc(Nc2nccc(Nc3cccc(F)c3S(N)(=O)=O)n2)cc1N(C)C,0
660,1184,COc1cc(Nc2nccc(Nc3ccccc3S(=O)(=O)NC3CC3)n2)cc(OC)c1OC,0
661,394,CCn1c2cc(N3CCN(C)CC3)c(OC)cc2c(=O)c2c3ccc(C#N)cc3[nH]c21,1
662,1527,CC(C)(C)OC(=O)NC1CCN(C(=O)c2csc(CNC(=O)COc3ccc(OC(F)(F)F)cc3)n2)C1,0
663,1429,COc1ccc(Nc2nccc(Nc3cc(Cl)ccc3O)n2)cc1OCCN1CCCCC1,0
664,1445,COc1cc(N2CCOCC2)ccc1Nc1ncc(Cl)c(Nc2ccccc2-c2nn[nH]n2)n1,0
665,1462,NS(=O)(=O)c1ccccc1Nc1ccnc(Nc2cccc(OCCN3CCCCC3)c2)n1,0
666,713,COc1cc2c(-c3ccc(O)cc3)nc3[nH]ncc3c2cc1OC,0
667,654,COc1cc(CNC(=O)c2csc(CNC(=O)COc3ccc(OC(F)(F)F)cc3)n2)cc(OC)c1,0
668,720,COc1cc2c(-c3ccc(O)cc3)nc3[nH]nc(CN4CCCC4=O)c3c2cc1OC,0
669,1270,CCOCCCNC(=O)c1cccc(-n2ccc3cnc(Nc4cc(OC)c(OC)c(OC)c4)nc32)c1,0
670,1223,COc1cc(Nc2nccc(Nc3cc(C)cc(C)c3O)n2)cc(OC)c1OC,0
671,487,COc1ccc2cc1Nc1nc(ncc1Cl)Nc1ccc(N3CCN(C)CC3)c(c1)/C=C\2,0
672,1346,CNS(=O)(=O)c1ccccc1Nc1nc(Nc2cc(OCCN3CCCCC3)ccc2OC)ncc1Br,0
673,333,CCOc1cc2c(=O)c3c4ccc(C#N)cc4[nH]c3n(C(C)C)c2c(F)c1N1CCN(C)CC1,1
674,1169,COc1cc(Nc2ncc(C)c(Nc3ccccc3S(N)(=O)=O)n2)cc(OC)c1OC,0
675,537,CCC(CC)NC(=O)c1csc(CNC(=O)COc2ccc(OC(F)(F)F)cc2)n1,0
676,473,CC(C)(O)C1CCN(Cc2ccc3[nH]/c(=N\C(=O)c4ccc(F)cc4)n([C@H]4CC[C@@H](C(=O)O)CC4)c3c2)CC1,1
677,892,CC(C)NC(=O)[C@H]1CC[C@@H](n2c(=NC(=O)NC3CCCCC3)[nH]c3cnc(OCCN4CCCCC4)cc32)CC1,0
678,1263,COc1ccc(C)c(Nc2ncc3ccn(-c4ncccc4[N+](=O)[O-])c3n2)c1,0
679,367,COc1cc(N2CCC(N3CCOCC3)CC2)ccc1Nc1ncc2ccc(-c3ccccc3N(C)S(C)(=O)=O)n2n1,1
680,344,CC(C)Oc1cc2c(=O)c3c4ccc(C#N)cc4[nH]c3n(C(C)C)c2cc1N1CCN(C)CC1,1
681,445,CC(C)(C)OC(=O)N1CCC(n2/c(=N/C(=O)c3ccccc3)[nH]c3cnc(OCCN4CCCCC4)cc32)CC1,1
682,372,C[C@@H](Oc1cc(-c2cc(F)c3c(c2)CCNC3)cnc1N)c1c(Cl)ccc(F)c1Cl,1
683,748,CNc1ccc(Nc2nccc(Nc3ccc4c(c3S(N)(=O)=O)OCCO4)n2)cc1C,0
684,678,Cl.Nc1ccc2cc1CCc1cccc(c1)Nc1ncc(Cl)c(n1)N2,0
685,551,COc1ccc(CNC(=O)c2csc(CNC(=O)COc3ccc(OC(F)(F)F)cc3)n2)c(OC)c1,0
686,444,C[C@@H](Oc1cc(-c2ccc([C@H]3CO[C@H]4[C@@H]3OC[C@H]4O)nc2)cnc1N)c1c(F)ccc(F)c1Cl,1
687,851,C[N+]1(CCOc2cccc(Nc3ncc(Br)c(Nc4cccc(S(N)(=O)=O)c4)n3)c2)C=CN=C1,0
688,774,CN1CCN(C(=O)C2CCC(n3/c(=N/C(=O)c4ccc(F)cc4)[nH]c4ccc(CN5CCOCC5)cc43)CC2)CC1,0
689,1373,COc1ccccc1Nc1ncc(Cl)c(Nc2ccc(N3CCC(N4CCNCC4)CC3)c3c2C(=O)N(C)CC3)n1,0
690,456,CNC(=O)[C@]1(O)CC[C@H](n2/c(=N/C(=O)c3ccc(F)cc3)[nH]c3cnc(OCCN4CCCCC4)cc32)CC1,1
691,1323,COc1cc(N2CCC(O)CC2)ccc1Nc1ncc(Cl)c(Nc2cccc3c2C(=O)N(C)CC3)n1,0
692,1326,COc1cc(N2CCC(C(N)=O)CC2)ccc1Nc1ncc(Cl)c(Nc2ccccc2S(=O)(=O)NCC(C)C)n1,0
693,243,CNS(=O)(=O)c1ccccc1Nc1nc(Nc2cc(F)ccc2OC)ncc1Br,1
694,778,COc1cc(F)cc(C(=O)/N=c2\[nH]c3cnc(OCCN4CCCCC4)cc3n2C2CCC(C(=O)NC(C)C)CC2)c1,0
695,26,CCC(CC)NS(=O)(=O)c1ccccc1Nc1nc(Nc2ccc(OCCN3CCOCC3)cc2OC)ncc1Cl,1
696,324,CC(C)n1c2cc(N3CCN(C)CC3)c(Br)cc2c(=O)c2c3ccc(C#N)cc3[nH]c21,1
697,523,CSCCCNC(=O)c1csc(CNC(=O)COc2ccc(OC(F)(F)F)cc2)n1,0
698,581,Cc1ccc(F)cc1CNC(=O)c1csc(CNC(=O)COc2ccc(OC(F)(F)F)cc2)n1,0
699,1378,COc1cc(N2CCC[C@@](C)(C(N)=O)C2)ccc1Nc1ncc(Cl)c(Nc2cccc3c2C(=O)N(C)C3)n1,0
700,1083,c1ccc(-n2ccc3cnc(Nc4ccc5cc[nH]c5c4)nc32)nc1,0
701,30,CCCS(=O)(=O)c1ccccc1Nc1nc(Nc2ccc(NCCN3CCOCC3)cc2OC)ncc1Cl,1
702,16,CCS(=O)(=O)c1ccccc1Nc1nc(Nc2ccc(N3CCC(N4CCOCC4)CC3)cc2OC)ncc1Cl,1
703,655,C#CC1(NC(=O)c2csc(CNC(=O)COc3ccc(OC(F)(F)F)cc3)n2)CCCCC1,0
704,1403,COc1cc(N2CC[C@@H](N(C)C)C2)ccc1Nc1ncc(Cl)c(Nc2cccc3c2C(=O)N(C)C3)n1,0
705,120,CCCS(=O)(=O)c1ccccc1Nc1nc(Nc2cc(N3CCOCC3)ccc2OC)ncc1Cl,1
706,1322,COc1cc(OCCN2CCOCC2)ccc1Nc1ncc(Cl)c(Nc2cccc3c2C(=O)N(C)C3)n1,0
707,788,COc1cc(Nc2ncc(Br)c(Nc3ccccc3S(=O)(=O)NCC=C3CC3)n2)cc(OC)c1OC,0
708,1307,COc1cc(Nc2ncc3ccn(-c4cccc(Cc5nnn[nH]5)c4)c3n2)cc(OC)c1OC,0
709,353,C[C@@H](Oc1cc(-c2cnn(C3CCNCC3)c2)cnc1N)c1cc(F)ccc1Cl,1
710,906,CC(C)(O)C1CCN(Cc2ccc3[nH]c(=NC(=O)c4ccc(F)cc4)n([C@H]4CC[C@]5(CC4)NC(=O)NC5=O)c3c2)CC1,0
711,1198,COc1ccc(Nc2ccnc(Nc3ccc(OC)c(OCCO)c3)n2)cc1O,0
712,715,CCOc1cc2c(-c3ccc(O)cc3)nc3[nH]nc(C)c3c2cc1OC,0
713,736,COc1ccc2c(-c3ccc(O)cc3)nc3[nH]nc(Cc4ccccc4)c3c2c1,0
714,47,CCCS(=O)(=O)c1ccccc1Nc1nc(Nc2ccc(N3CCC[C@H](C(N)=O)C3)cc2OC)ncc1Cl,1
715,317,COc1cc(N2CCOCC2)ccc1Nc1ncc(Cl)c(Nc2ccccc2C(=O)N(C)C)n1,1
716,268,COc1cc(Nc2ncc3c(n2)N(c2ccccn2)CC3)cc(OC)c1OC,1
717,1283,CCOCCCNC(=O)Cc1cccc(-n2ccc3cnc(Nc4cc(OC)c(OC)c(OC)c4)nc32)c1,0
718,937,CC(C)S(=O)(=O)N1CCC(n2c(=NC(=O)c3ccccc3)[nH]c3cnc(OCCN4CCCCC4)cc32)CC1,0
719,1278,COc1cc(Nc2ncc3ccn(-c4cccc(C(=O)NC5CCC5)c4)c3n2)cc(OC)c1OC,0
720,887,CN1CCCC1CCOc1cccc(Nc2nccc(Nc3ccccc3S(N)(=O)=O)n2)c1,0
721,577,Cc1ccc(CCNC(=O)c2csc(CNC(=O)COc3ccc(OC(F)(F)F)cc3)n2)cc1,0
722,1547,O=C(COc1ccc(OC(F)(F)F)cc1)NCc1nc(C(=O)NCC(F)(F)F)cs1,0
723,208,CCCS(=O)(=O)c1ccccc1Nc1nc(Nc2ccc(N3CCC(C(N)=O)CC3)cc2OC)ncc1Cl,1
724,568,COc1ccccc1CNC(=O)c1csc(CNC(=O)Nc2ccc(C(C)C)cc2)n1,0
725,1236,COc1cc(C)c(Nc2ncc3ccn(-c4ccnc(Cl)c4)c3n2)cc1OC,0
726,1538,O=C(COc1ccc(OC(F)(F)F)cc1)NCc1nc(C(=O)NCCCN2CCOCC2)cs1,0
727,9,CCc1cc2c(=O)c3c4ccc(C#N)cc4[nH]c3n(C(C)C)c2cc1C1CCN(C)CC1,1
728,1099,COc1cc(Nc2nccc(Nc3cccc(O)c3)n2)cc(OC)c1OC,0
729,1157,CNc1ccc(Nc2nccc(Nc3cccc(OC)c3S(N)(=O)=O)n2)cc1C(F)(F)F,0
730,404,CC(Oc1cc(-c2ccc(C3CNCCC3O)nc2)cnc1N)c1c(Cl)cccc1Cl,1
731,1196,Cc1cnc(Nc2ccc3[nH]nnc3c2)nc1Nc1ccccc1S(N)(=O)=O,0
732,251,CNC(=O)c1ccccc1Nc1nc(Nc2ccc(N3CCOCC3)cc2OC)ncc1Br,1
733,615,CCc1ccc(NC(=O)NCc2nc(C(=O)NCc3ccccc3OC)cs2)cc1,0
734,675,Clc1cnc2nc1Nc1cccc(c1)SCCNc1cccc(c1)N2.O=C(O)C(F)(F)F,0
735,297,COc1cc(-n2cncn2)ccc1Nc1ncc(Cl)c(Nc2ccccc2S(=O)(=O)C(C)C)n1,1
736,1374,COCCOc1ccc(Nc2ncc(Cl)c(Nc3ccc(N4CCN(C)CC4)c4c3C(=O)N(C)CC4)n2)c(OC)c1,0
737,588,CC(C)CNC(=O)c1csc(CNC(=O)COc2ccc(OC(F)(F)F)cc2)n1,0
738,586,Cc1ccc(NC(=O)NCc2nc(C(=O)NCCc3cccc(Cl)c3)cs2)cc1,0
739,458,CNS(=O)(=O)N1CCC(n2/c(=N/C(=O)c3ccccc3)[nH]c3cnc(OCCN4CCCCC4)cc32)CC1,1
740,1204,COc1cc(Nc2nccc(Nc3ccc(N(C)C(C)=O)cc3)n2)cc(OC)c1OC,0
741,1276,COc1cc(Nc2ncc3ccn(-c4ccccc4C(=O)NCCCCN(C)C)c3n2)cc(OC)c1OC,0
742,541,O=C(COc1ccc(OC(F)(F)F)cc1)NCc1nc(C(=O)NCCc2ccccc2Cl)cs1,0
743,389,COc1cc(N2CCC(N3CCN(C)CC3)CC2)ccc1Nc1ncc(C)c(-c2c[nH]c3ccccc23)n1,1
744,1375,COCCOc1ccc(Nc2ncc(Cl)c(Nc3ccc(N4CCNCC4)c4c3C(=O)N(C)CC4)n2)c(OC)c1,0
745,1529,CCCCCCN(CCC#N)C(=O)c1csc(CNC(=O)COc2ccc(OC(F)(F)F)cc2)n1,0
746,752,COc1ccc(Nc2nccc(Nc3ccc4c(c3S(N)(=O)=O)OCO4)n2)cc1N(C)C,0
747,373,COCCNC1CCc2ccc(Nc3ncc(Cl)c(N[C@H]4[C@@H](C(N)=O)[C@@H]5C=C[C@H]4C5)n3)c(OC)c2CC1,1
748,688,Cc1cnc2nc1Nc1cccc(c1)C=Cc1cccc(c1)N2.O=C(O)C(F)(F)F,0
749,70,CNC(=O)c1ccccc1Nc1nc(Nc2cc(N3CCOCC3)ccc2OC)ncc1Br,1
750,1362,CCCN(C)S(=O)(=O)c1ccccc1Nc1nc(Nc2ccc(N3CCN(C)CC3)cc2OC)ncc1Cl,0
751,999,Cc1ccc(I)cc1Nc1ncc2ccn(-c3ccccn3)c2n1,0
752,1067,COc1cc(Nc2ncc3ccn(-c4cccc(C(=O)NC5CC5)c4)c3n2)cc(OC)c1OC,0
753,258,CNS(=O)(=O)c1ccccc1Nc1nc(Nc2cccc3c2CCC3)ncc1Br,1
754,244,COc1cc(Nc2ncc3ccn(-c4cccc(CCC#N)c4)c3n2)cc(OC)c1OC,1
755,336,CCOc1cc2c(=O)c3c4ccc(C#N)cc4[nH]c3n(C(C)C)c2c(F)c1N1CCC(N2CCOCC2)CC1,1
756,371,COc1cc2c(=O)c3c4ccc(C#N)cc4[nH]c3n(C3CCC3)c2c(F)c1N1CCC(N2CCOCC2)CC1,1
757,557,COc1ccc(CNC(=O)c2csc(CNC(=O)COc3ccc(OC(F)(F)F)cc3)n2)cc1,0
758,785,O=C(O)c1ccccc1Nc1ccnc(Nc2ccc(N3CCCCC3)cc2)n1,0
759,1292,COc1ccc(C)c(Nc2ncc3ccn(-c4cccc(C(=O)NCCN(C)C)c4)c3n2)c1,0
760,734,COCCOc1cc2c(-c3ccc(O)c(Cl)c3)nc3[nH]nc(C)c3c2cc1OCCOC,0
761,1423,COc1ccc(N2CCC(O)CC2)cc1Nc1ncc(Br)c(Nc2ccccc2S(=O)(=O)NC(C)C)n1,0
762,1102,COc1ccc(Nc2ccnc(Nc3ccc(OC)c(O)c3)n2)cc1O,0
763,382,COc1cc(N2CCN(C[C@@H](C)O)CC2)ccc1Nc1ncc2ccc(-c3ccccc3N(C)S(C)(=O)=O)n2n1,1
764,684,Clc1cnc2nc1Nc1cccc(c1)NCCOc1cccc(c1)N2.O=C(O)C(F)(F)F,0
765,1398,COc1cc(N2CCN3CCOC[C@@H]3C2)ccc1Nc1ncc(Cl)c(Nc2cccc3c2C(=O)N(C)CC3)n1,0
766,1232,COc1cc(Nc2ncc3ccn(-c4ccc(F)nc4)c3n2)cc(OC)c1OC,0
767,135,CNC(=O)c1ccccc1Nc1nc(Nc2ccc(OCC3CCN(C)CC3)cc2OC)ncc1Cl,1
768,1026,COc1cc(N2CCN(C)CC2)ccc1Nc1ncc(Cl)c(Nc2ccccc2S(=O)(=O)C2CC2)n1,0
769,1577,CC(C)CCC(C)NC(=O)c1csc(CNC(=O)COc2ccc(OC(F)(F)F)cc2)n1,0
770,123,CC(C)NS(=O)(=O)c1ccccc1Nc1nc(Nc2ccc(N3CCOCC3)cc2F)ncc1Cl,1
771,771,COc1cccc(C(=O)/N=c2\[nH]c3cnc(OCCN4CCCCC4)cc3n2C2CCC(C(=O)NC(C)C)CC2)c1,0
772,1111,CN1CCCC1Oc1cccc(Nc2nccc(Nc3cccc(O)c3)n2)c1,0
773,970,COC(=O)c1cccc(-n2ccc3cnc(Nc4cc(OC)c(OC)c(OC)c4)nc32)c1,0
774,285,CCCCc1ccccc1Nc1ncc(Br)c(Nc2ccccc2S(=O)(=O)NC)n1,1
775,1239,COc1cc(Nc2ncc3ccn(-c4cccc([N+](=O)[O-])c4C)c3n2)cc(OC)c1OC,0
776,1642,CC(C)Oc1cc2c(cc1Nc1ncc(Cl)c(Nc3ccccc3S(=O)(=O)C(C)C)n1)C(=O)N(C1CCN(CC(N)=O)CC1)C2,0
777,737,COc1cc(Nc2ncc3ccn(-c4cccc(C(=O)NCCN5CCCC5)c4)c3n2)cc(OC)c1OC,0
778,1013,CCNc1cc(Nc2nccc(Nc3ccc4c(c3S(N)(=O)=O)OCCO4)n2)ccc1C,0
779,1382,CN1CCc2c(N3CCNCC3)ccc(Nc3nc(Nc4ccccc4F)ncc3Cl)c2C1=O,0
780,1541,CC1CN(C(=O)c2csc(CNC(=O)COc3ccc(OC(F)(F)F)cc3)n2)CCN1c1ccccc1,0
781,1353,CNS(=O)(=O)c1ccccc1Nc1nc(Nc2cc(OC)c(N3CCOCC3)cc2OC)ncc1Br,0
782,22,CNC(=O)c1cc(N2CCCC2)ccc1Nc1nc(Nc2ccc(N3CCOCC3)cc2OC)ncc1Cl,1
783,15,CCCOc1cc2c(=O)c3c4ccc(C#N)cc4[nH]c3n(C(C)C)c2cc1N1CCN(C)CC1,1
784,405,CC(C)n1c2cc(N3CCC(N4CCOCC4)CC3)ccc2c(=O)c2c3ccc(C#N)cc3[nH]c21,1
785,1520,CSCC[C@H](NC(=O)c1ccccc1)C(=O)NCc1nc(C(=O)NCCc2cccc(Cl)c2)cs1,0
786,767,CC(C)NC(=O)C1CCC(n2/c(=N/C(=O)N3CCCC3)[nH]c3cnc(OCCN4CCCCC4)cc32)CC1,0
787,200,COc1cc(F)ccc1Nc1ncc(Cl)c(Nc2ccccc2S(=O)(=O)NCC(F)(F)F)n1,1
788,1522,CCN(CC)C(=O)C1CCCN(C(=O)c2csc(CNC(=O)COc3ccc(OC(F)(F)F)cc3)n2)C1,0
789,1410,CN1Cc2c(OCCN3CCOCC3)ccc(Nc3nc(Cl)ncc3Cl)c2C1=O,0
790,912,CC(C)NC(=O)C1CCC(n2/c(=N/C(=O)c3ccnnc3)[nH]c3cnc(OCCN4CCCCC4)cc32)CC1.O=C(O)C(F)(F)F,0
791,1365,COc1cc(N2CCN(C)CC2)ccc1Nc1ncc(Cl)c(Nc2ccccc2S(=O)(=O)NCC(C)C)n1,0
792,1469,Oc1ccc(Cl)cc1Nc1ccnc(Nc2cccc(OCCN3CCCCC3)c2)n1,0
793,589,COc1ccccc1CNC(=O)c1csc(CNC(=O)COc2ccc(I)cc2)n1,0
794,1049,CNc1cc(Nc2nccc(Nc3cccc(OCCOC)c3S(N)(=O)=O)n2)ccc1C,0
795,115,CNS(=O)(=O)c1ccccc1Nc1nc(Nc2ccc(N3CCS(=O)(=O)CC3)cc2OC)ncc1Br,1
796,1176,COc1cc(Nc2ncc(C)c(Nc3ccc(CCO)cc3)n2)cc(OC)c1OC,0
797,104,CCCS(=O)(=O)c1ccccc1Nc1nc(Nc2ccc(N3CCNC(=O)C3)cc2OC)ncc1Cl,1
798,960,COc1cc(Nc2ncc3ccn(-c4ccc(SC)cc4)c3n2)cc(OC)c1OC,0
799,1407,CC(C)N1CCN(c2ccc(Nc3nc(Nc4ccccc4F)ncc3Cl)c3c2CCN(C)C3=O)CC1,0
800,622,COc1cccc(CCNC(=O)c2csc(CNC(=O)COc3ccc(OC(F)(F)F)cc3)n2)c1OC,0
801,36,CNC(=O)c1cc(F)ccc1Nc1nc(Nc2ccc(N3CCN(C(C)=O)CC3)cc2OC)ncc1Cl,1
802,239,CNS(=O)(=O)c1ccccc1Nc1nc(Nc2ccc(-n3ccnc3C)cc2OC)ncc1Br,1
803,204,CCCS(=O)(=O)c1ccccc1Nc1nc(Nc2ccc(N3CCN(C(=O)NC)CC3)cc2OC)ncc1Cl,1
804,1034,COc1cc(N2CCN3CCOC[C@@H]3C2)ccc1Nc1ncc(Cl)c(Nc2ccccc2S(=O)(=O)NC(C)C)n1,0
805,1643,CC(C)NC(=O)C1CCC(n2c(N)nc3cnc(OCCN4CCCCC4)cc32)CC1,0
806,802,NS(=O)(=O)c1c(Nc2ccnc(Nc3cccc(OCCN4CCCCC4)c3)n2)ccc2c1OCCO2,0
807,492,COc1cc2c(=O)c3c4ccc(C#N)cc4[nH]c3n(C)c2cc1N1CCN(C)CC1,0
808,747,COc1ccc(Nc2nccc(Nc3cccc(OCc4ccccc4)c3S(N)(=O)=O)n2)cc1OC,0
809,1156,COc1cc(Nc2ncc3ccn(-c4cccc(C(=O)NCCCN)n4)c3n2)cc(OC)c1OC,0
810,264,CN1Cc2c(N3CCN(C(=O)OC(C)(C)C)CC3)ccc(N)c2C1=O,1
811,716,CCOc1cc(-c2nc3[nH]nc(C)c3c3cc(OC)c(OC)cc23)ccc1O,0
812,347,COc1cc2c(=O)c3c4ccc(C#N)cc4[nH]c3n(C3CCC3)c2c(F)c1N1CCN(C)CC1,1
813,326,CCCCOc1cc2c(=O)c3c4ccc(C#N)cc4[nH]c3n(C(C)C)c2cc1N1CCN(C)CC1,1
814,893,CC(C)NC(=O)[C@H]1CC[C@@H](n2c(=NC(=O)N3CCOCC3)[nH]c3cnc(OCCN4CCCCC4)cc32)CC1,0
815,920,COc1cc(F)cc(C(=O)N=c2[nH]c3cnc(OCCN4CCCCC4)cc3n2[C@H]2CC[C@@H](C(=O)NC(C)C)CC2)c1,0
816,277,CNS(=O)(=O)c1ccccc1Nc1nc(Nc2cccc(OC)c2OC)ncc1Br,1
817,1478,CCc1cnc(Nc2cc(OC)c(OC)c(OC)c2)nc1Nc1cccc(S(=O)(=O)NC)c1,0
818,470,CC(C)(O)C1CCN(CCOc2cc3c(cn2)[nH]/c(=N\C(=O)c2cccc(F)c2)n3[C@H]2CC[C@@H](C(=O)N3CC(O)C3)CC2)CC1,1
819,604,O=C(COc1ccc(OC(F)(F)F)cc1)NCc1nc(C(=O)NCc2ccc(Cl)c(Cl)c2)cs1,0
820,717,COc1cc2c(-c3ccc(O)cc3)nc3[nH]nc(C(F)(F)F)c3c2cc1OC,0
821,1453,COc1cc(Nc2ncc3ccn(-c4cccc5c4CC(=O)CC5)c3n2)cc(OC)c1OC,0
822,658,Cc1ccc(C)c(CCNC(=O)c2csc(CNC(=O)COc3ccc(OC(F)(F)F)cc3)n2)c1,0
823,782,COc1cc(N2CCN3CCOCC3C2)ccc1Nc1ncc(Cl)c(Nc2cccc3c2C(=O)N(C)C3)n1,0
824,761,CNc1cccc(Nc2nccc(Nc3ccc4c(c3S(N)(=O)=O)OCCO4)n2)c1,0
825,1065,CNC(=O)Cc1cccc(-n2ccc3cnc(Nc4cc(OC)c(OC)c(OC)c4)nc32)c1,0
826,1459,COc1ccc(Nc2ccnc(Nc3ccc(OC)c(OCCCn4ccnc4)c3)n2)cc1O,0
827,1207,CNS(=O)(=O)c1ccccc1Nc1nc(Nc2cc(C)cc(C)c2)ncc1Br,0
828,929,CC(C)(O)C1CCN(CCOc2cc3c(cn2)[nH]c(=NC(=O)c2cccc(F)c2)n3[C@H]2CC[C@@H](C(=O)N3C[C@H]4C[C@@H]3CN4)CC2)CC1,0
829,903,CC(C)(O)C1CCN(Cc2ccc3[nH]c(=NC(=O)c4ccc(F)cc4)n([C@H]4CC[C@H](C(N)=O)CC4)c3c2)CC1,0
830,298,CNS(=O)(=O)c1ccccc1Nc1nc(Nc2cccc3c2OC(F)(F)O3)ncc1Br,1
831,645,CC(NC(=O)c1coc(CNC(=O)COc2ccc(OC(F)(F)F)cc2)n1)c1cccc2ccccc12,0
832,242,CNC(=O)c1ccccc1Nc1nc(Nc2ccc(N3CCN(C)CC3)cc2OC)ncc1Cl,1
833,214,CNC1CCN(c2ccc(Nc3ncc(Cl)c(Nc4ccccc4S(=O)(=O)C(C)C)n3)c(OC)c2)CC1,1
834,1082,COc1cc(Nc2ncc3c(Cl)cn(-c4ccc(C(=O)O)cc4)c3n2)cc(OC)c1OC,0
835,182,CNS(=O)(=O)c1ccccc1Nc1nc(Nc2cc(C(=O)N3CCNCC3)ccc2C)ncc1Br,1
836,848,COc1ccc(Nc2nccc(Nc3ccc(C)c(OC)c3S(N)(=O)=O)n2)cc1OCCCN1CCCC1,0
837,1460,CNS(=O)(=O)c1cccc(Nc2nc(Nc3ccc(OC)c(OCCn4ccnc4)c3)ncc2C)c1,0
838,43,COc1cc(OCCN2CCN(C)CC2)ccc1Nc1ncc(Cl)c(Nc2ccccc2S(=O)(=O)NC(C)C)n1,1
839,1141,CN(C)c1cccc(Nc2nccc(Nc3ccccc3C(=O)O)n2)c1,0
840,1614,CN(CC(=O)N1CCC(n2c(=NC(=O)c3ccccc3)[nH]c3cnc(OCCN4CCCCC4)cc32)CC1)C(=O)OC(C)(C)C,0
841,1251,COc1ccc(C)c(Nc2ncc3ccn(Cc4cccnc4)c3n2)c1,0
842,628,O=C(COc1ccc(OC(F)(F)F)cc1)NCc1nc(C(=O)NCc2ccccc2C(F)(F)F)cs1,0
843,453,C=CCNS(=O)(=O)c1cccc(C(=O)/N=c2\[nH]c3cnc(OCCN4CCCCC4)cc3n2[C@H]2CC[C@@H](C(=O)NC(C)C)CC2)c1,1
844,652,O=C(COc1ccc(OC(F)(F)F)cc1)NCc1nc(C(=O)N[C@@H]2CCCc3ccccc32)cs1,0
845,49,CNS(=O)(=O)c1ccccc1Nc1nc(Nc2cc(N3CCC(N4CCCCC4)CC3)ccc2OC)ncc1Cl,1
846,1549,Cc1ccccc1CNC(=O)c1coc(CNC(=O)COc2ccc(OC(F)(F)F)cc2)n1,0
847,554,O=C(COc1ccc(OC(F)(F)F)cc1)NCc1nc(C(=O)NCc2cccc(F)c2)cs1,0
848,1162,CNS(=O)(=O)c1ccccc1Nc1nc(Nc2ccc(C)c(C)c2)ncc1Br,0
849,1405,COc1ccccc1Nc1ncc(Cl)c(Nc2ccc(N3CCC(N4CCN(C)CC4)CC3)c3c2C(=O)N(C)C3)n1,0
850,766,CNS(=O)(=O)c1ccccc1Nc1nc(Nc2cc(OC)c(OC)c(OC)c2)ncc1Cl,0
851,1289,COc1cc(Nc2ncc3ccn(-c4ccccc4COC(C)=O)c3n2)cc(OC)c1OC,0
852,998,c1ccc(-n2ccc3cnc(Nc4ccc5[nH]ccc5c4)nc32)nc1,0
853,1573,C[C@@H](NC(=O)c1csc(CNC(=O)COc2ccc(OC(F)(F)F)cc2)n1)C(C)(C)C,0
854,1321,CNC(=O)c1ccccc1Nc1nc(Nc2ccc(N3CCCC(C)(C(N)=O)C3)cc2OC)ncc1Cl,0
855,1068,CNC(=O)CCc1cccc(-n2ccc3cnc(Nc4cc(OC)c(OC)c(OC)c4)nc32)c1,0
856,1218,CNS(=O)(=O)c1ccccc1Nc1nc(Nc2ccc(S(N)(=O)=O)cc2)ncc1Br,0
857,154,CCCS(=O)(=O)c1ccccc1Nc1nc(Nc2ccc(N3CCN(C(C)=O)CC3)cc2OC)ncc1Cl,1
858,595,CCCOCCCNC(=O)c1csc(CNC(=O)COc2ccc(OC(F)(F)F)cc2)n1,0
859,20,CNS(=O)(=O)c1ccccc1Nc1nc(Nc2ccc(N3CCC(N4CCCCC4)CC3)cc2OC)ncc1Cl,1
860,550,CN(CCCNC(=O)c1csc(CNC(=O)COc2ccc(OC(F)(F)F)cc2)n1)c1ccccc1,0
861,702,CCOc1cc2c(cc1OC)c(-c1ccc(O)c(Cl)c1)nc1[nH]nc(C)c12,0
862,159,CCC(C)NS(=O)(=O)c1ccccc1Nc1nc(Nc2ccc(N3CCN(C)CC3)cc2OC)ncc1Cl,1
863,147,CCCOc1cc(N2CCN(C)CC2)ccc1Nc1ncc(Cl)c(Nc2ccccc2S(=O)(=O)NC)n1,1
864,594,CC(C)(C)c1ccc(OCC(=O)NCc2nc(C(=O)NCCc3cccc(Cl)c3)cs2)cc1,0
865,195,CNS(=O)(=O)c1ccccc1Nc1nc(Nc2ccc(OCCCN3CCOCC3)cc2C)ncc1Br,1
866,963,CNC(=O)c1cccc(-n2ccc3cnc(Nc4cc(OC)c(OC)c(OC)c4)nc32)c1,0
867,163,CNC(=O)c1ccccc1Nc1nc(Nc2ccc(N3CCN4CCOC[C@H]4C3)cc2OC)ncc1Cl,1
868,841,Cn1ncc2ccc(Nc3nccc(Nc4cccc(OCC(F)=C(F)F)c4S(N)(=O)=O)n3)cc21,0
869,1301,COc1cc(Nc2ncc3ccn(-c4cccc(CCc5nnn[nH]5)c4)c3n2)cc(OC)c1OC,0
870,110,CNS(=O)(=O)c1ccccc1Nc1nc(Nc2ccc(N3CCC(C#N)CC3)cc2OC)ncc1Br,1
871,776,CC(C)NC(=O)C1CCC(n2/c(=N/C(=O)NC3CCCCC3)[nH]c3cnc(OCCN4CCCCC4)cc32)CC1,0
872,1335,COc1cc(OCCCN2CCN(C)CC2)ccc1Nc1ncc(Cl)c(Nc2cccc3c2C(=O)N(C)C3)n1,0
873,68,CNS(=O)(=O)c1ccccc1Nc1nc(Nc2ccc(N3CCNCC3)cc2OC)ncc1Br,1
874,1499,COC(=O)c1ccc2cc1CCc1cccc(c1)Nc1ncc(Cl)c(n1)N2.O=C(O)C(F)(F)F,0
875,1597,Cl.O=C(Nc1ccc2cc1CCc1cccc(c1)Nc1ncc(Cl)c(n1)N2)C1CCC1,0
876,1160,COc1ccc(Nc2nccc(Nc3ccccc3S(N)(=O)=O)n2)cc1OC,0
877,692,COCC(Nc1nc(Nc2cc(C)[nH]n2)nc(N2CCC(OC)CC2)n1)c1ncc(F)cc1F,0
878,1651,CC(C)S(=O)(=O)c1ccccc1Nc1nc(Nc2cc(C(=O)NCCN3CCN(C)CC3)nc3ccccc23)ncc1Cl,0
879,44,CCCS(=O)(=O)c1ccccc1Nc1nc(Nc2cc(N3CCCC(C(N)=O)C3)ccc2OC)ncc1Cl,1
880,540,O=C(COc1ccc(OC(F)(F)F)cc1)NCc1nc(C(=O)NCCc2cccc(Cl)c2)co1,0
881,1312,COc1ccc(Nc2nccc(Nc3ccc(S(N)(=O)=O)cc3)n2)cc1OCCn1ccnc1,0
882,839,COCCOc1cc(Nc2nccc(Nc3cccc(OC(F)(F)F)c3S(N)(=O)=O)n2)ccc1OC,0
883,190,CNS(=O)(=O)c1ccccc1Nc1nc(Nc2cc(OCCN3CCN(C)CC3)ccc2OC)ncc1Cl,1
884,1609,NC(=O)[C@H]1CC[C@H](n2c(=NC(=O)c3ccc(F)cc3)[nH]c3cnc(OCCN4CCCCC4)cc32)CC1,0
885,1339,CNC(=O)c1ccccc1Nc1nc(Nc2ccc(N3CCC[C@](C)(C(N)=O)C3)cc2OC)ncc1Cl,0
886,167,CC(C)NS(=O)(=O)c1ccccc1Nc1nc(Nc2ccc(OCCN3CCOCC3)cc2F)ncc1Cl,1
887,503,O=C(COc1ccc(OC(F)(F)F)cc1)NCc1nc(C(=O)NCCc2cccs2)co1,0
888,546,O=C(CNC(=O)c1ccc([N+](=O)[O-])cc1)NCc1nc(C(=O)NCCc2cccc(Cl)c2)cs1,0
889,140,CNC(=O)c1cc(F)ccc1Nc1nc(Nc2ccc(N3CCOCC3)cc2OC)ncc1Cl,1
890,1134,COc1ccccc1Nc1ncc(Cl)c(Nc2ccc(N3CCC(N4CCNCC4)CC3)c3c2C(=O)N(C)C3)n1,0
891,282,CNS(=O)(=O)c1ccccc1Nc1nc(Nc2cc(OC)c(OC)cc2C)ncc1Br,1
892,605,CC(C)C(C)NC(=O)c1csc(CNC(=O)COc2ccc(OC(F)(F)F)cc2)n1,0
893,168,CCCS(=O)(=O)c1ccccc1Nc1nc(Nc2ccc(OCCN3CCCC3=O)cc2OC)ncc1Cl,1
894,145,CNC(=O)c1ccccc1Nc1nc(Nc2ccc(OCCN3CCOCC3)cc2OC)ncc1Cl,1
895,570,NC(=O)C(NC(=O)c1csc(CNC(=O)COc2ccc(OC(F)(F)F)cc2)n1)c1ccccc1,0
896,1210,OCCc1ccc(Nc2ccnc(Nc3cccc(OCCn4ccnc4)c3)n2)cc1,0
897,693,Clc1cnc2nc1Nc1cccc(c1)CCCc1cccc(c1)N2,0
898,1369,COc1cc(N2CCC(O)CC2)ccc1Nc1ncc(Cl)c(Nc2ccccc2S(=O)(=O)NCC(C)C)n1,0
899,172,COc1cc(N2CCOCC2)ccc1Nc1ncc(Cl)c(Nc2ccccc2S(=O)(=O)NCC(C)C)n1,1
900,1025,CNc1cc(Nc2nccc(Nc3ccc4c(c3S(N)(=O)=O)OCCO4)n2)ccc1Cl,0
901,237,COc1cc(F)ccc1Nc1ncc(Cl)c(Nc2ccccc2S(C)(=O)=O)n1,1
902,142,CCS(=O)(=O)c1ccccc1Nc1nc(Nc2ccc(CN3CCN(C)CC3)cc2OC)ncc1Cl,1
903,32,CNS(=O)(=O)c1ccccc1Nc1nc(Nc2ccc(N3CCC(C(N)=O)CC3)cc2OC)ncc1Br,1
904,478,N#C[C@]1(c2ccccn2)C[C@H](n2c(NC(=O)c3ccc(F)cc3)nc3cnc(OCCN4CCCCC4)cc32)C1,1
905,366,CN1CCN(c2ccc(Nc3ncc4ccc(-c5ccccc5N(C)S(C)(=O)=O)n4n3)cc2)CC1,1
906,1591,CCOc1ccccc1CNC(=O)c1coc(CNC(=O)COc2ccc(OC(F)(F)F)cc2)n1,0
907,936,CNC(=O)c1ccc(Nc2ncc(Cl)c(Nc3ccc(N4CCN(C(C)C)CC4)c4c3C(=O)N(C)C4)n2)c(OC)c1,0
908,211,CNS(=O)(=O)c1cc(F)ccc1Nc1nc(Nc2ccc(N3CCOCC3)cc2OC)ncc1Br,1
909,31,CNS(=O)(=O)c1ccccc1Nc1nc(Nc2cc(OCCCN3CCOCC3)ccc2OC)ncc1Br,1
910,643,NC(=O)[C@H](Cc1ccccc1)NC(=O)c1csc(CNC(=O)COc2ccc(OC(F)(F)F)cc2)n1,0
911,924,CC(C)NC(=O)[C@H]1CC[C@@H](n2c(=NC(=O)c3ccc(F)cc3F)[nH]c3cnc(OCCN4CCCCC4)cc32)CC1,0
912,381,C[C@@H](Oc1cc(-c2ccc([C@H]3CO[C@H]4[C@@H]3OC[C@H]4O)nc2)cnc1N)c1cc(Cl)ccc1Cl,1
913,479,O=C(/N=c1\[nH]c2ccc(CN3CCCCC3)cc2n1[C@H]1CC[C@@H](CO)CC1)c1ccc(F)cc1,1
914,668,COc1ccc(CCNC(=O)c2coc(CNC(=O)COc3ccc(OC(F)(F)F)cc3)n2)cc1OC,0
915,311,CNS(=O)(=O)c1ccccc1Nc1nc(Nc2cc(OC)ccc2OCCOC)ncc1Br,1
916,1304,CCCNC(=O)Cc1cccc(-n2ccc3cnc(Nc4cc(OC)c(OC)c(OC)c4)nc32)c1,0
917,272,COc1cc(Nc2ncc3c(n2)N(c2ccccn2)C(=O)CC3)cc(OC)c1OC,1
918,1058,CCNC(=O)CCc1cccc(-n2ccc3cnc(Nc4cc(OC)c(OC)c(OC)c4)nc32)c1,0
919,1151,COc1cc(Nc2ncc3ccn(-c4cccc(CCC(=O)O)n4)c3n2)cc(OC)c1OC,0
920,1400,CNC(=O)c1cc(N2CCN(C)CC2)ccc1Nc1nc(Nc2cc(N3CCOCC3)ccc2OC)ncc1Cl,0
921,98,COc1cc(NCC(C)(C)CO)ccc1Nc1ncc(Cl)c(Nc2ccccc2S(=O)(=O)NC(C)C)n1,1
922,629,C[C@H](NC(=O)c1csc(CNC(=O)COc2ccc(OC(F)(F)F)cc2)n1)C1CCCCC1,0
923,484,COc1cc(Nc2nccc(Nc3ccccc3S(=O)(=O)N(C)C)n2)cc(OC)c1OC,0
924,739,COc1cc(Nc2ncc3ccn(-c4cccc(CC(=O)NCCCN)c4)c3n2)cc(OC)c1OC,0
925,698,COc1cc(-c2nc3[nH]nc(C)c3c3cc(OC)c(OC)cc23)ccc1O,0
926,1451,CNS(=O)(=O)c1ccccc1Nc1nc(Nc2cc(N3CCC(O)CC3)ccc2OC)ncc1Br,0
927,57,Cc1ccc(-c2ccncc2)cc1Nc1ncc2ccn(-c3ccccn3)c2n1,1
928,300,COc1cc(-n2cncn2)ccc1Nc1ncc(Cl)c(Nc2ccccc2S(=O)(=O)C2CC2)n1,1
929,608,O=C(COc1ccc(OC(F)(F)F)cc1)NCc1nc(C(=O)N2CCN(c3c(Cl)cncc3Cl)CC2)cs1,0
930,1387,COc1ccc(Nc2ncc(Cl)c(Nc3ccc(N4CCC(N5CCN(C)CC5)CC4)c4c3C(=O)N(C)CC4)n2)c(OC)c1,0
931,1530,COc1cccc(CNC(=O)c2coc(CNC(=O)COc3ccc(OC(F)(F)F)cc3)n2)c1OC,0
932,121,COc1cc(OC2CCN(C)C2)ccc1Nc1ncc(Cl)c(Nc2ccccc2S(=O)(=O)NC(C)C)n1,1
933,1022,COc1cc(Nc2ncc3ccn(-c4cccc(CC(=O)NC5CCCC5)c4)c3n2)cc(OC)c1OC,0
934,874,COc1cc(Nc2nccc(Nc3ccccc3S(N)(=O)=O)n2)cc(OC)c1OC,0
935,406,C[C@@H](Oc1cc(-c2cnn(C3CCNCC3)c2)cnc1N)c1c(Cl)ccc(F)c1Cl,1
936,1133,COc1ccc(Nc2ncc(Cl)c(Nc3ccc(N4CCC(N5CCNCC5)CC4)c4c3C(=O)N(C)C4)n2)c(OC)c1,0
937,918,COc1cc(C(=O)N=c2[nH]c3cnc(OCCN4CCCCC4)cc3n2[C@H]2CC[C@@H](C(=O)NC(C)C)CC2)ccc1F,0
938,714,CCOc1cc2c(cc1OC)c(-c1ccc(O)cc1)nc1[nH]nc(C)c12,0
939,1330,COc1cc(OCCN2CCN(C)CC2)ccc1Nc1ncc(Cl)c(Nc2cccc3c2C(=O)N(C)C3)n1,0
940,229,CNC(=O)c1ccccc1Nc1nc(Nc2ccc(F)cc2OC)ncc1Br,1
941,368,CCC(C)n1c2cc(N3CCN(C)CC3)c(OC)cc2c(=O)c2c3ccc(C#N)cc3[nH]c21,1
942,62,CCCS(=O)(=O)c1ccccc1Nc1nc(Nc2ccc(N3CCOCC3)cc2OC)ncc1Cl,1
943,1208,COc1cc(Nc2nccc(Nc3cc(Cl)ccc3O)n2)cc(OC)c1OC,0
944,1116,CNS(=O)(=O)c1ccccc1Nc1nc(Nc2ccc(OC(C)C)cc2)ncc1Br,0
945,37,COc1c(Nc2ncc(Cl)c(Nc3ccccc3S(=O)(=O)NC(C)C)n2)ccc(OC2CCN(C)CC2)c1F,1
946,1656,CC(C)CN1CCC(n2c(=NC(=O)c3ccccc3)[nH]c3cnc(OCCN4CCCCC4)cc32)CC1,0
947,505,CC1CCC(NC(=O)c2csc(CNC(=O)COc3ccc(OC(F)(F)F)cc3)n2)CC1,0
948,583,Cc1ccc(CCNC(=O)c2csc(CNC(=O)COc3ccc(OC(F)(F)F)cc3)n2)cc1C,0
949,1457,CNS(=O)(=O)c1ccccc1Nc1nc(Nc2cc(N3CCCCC3)ccc2OC)ncc1Br,0
950,829,CNc1ccc(Nc2nccc(Nc3ccc4c(c3S(N)(=O)=O)OCCO4)n2)cc1OC,0
951,764,COc1cc(Nc2ncc3ccn(-c4cccc(C(=O)NC(C(=O)O)C(C)(C)C)c4)c3n2)cc(OC)c1OC,0
952,1447,COc1ccc(C(N)=O)cc1Nc1ncc(Cl)c(Nc2ccccc2S(=O)(=O)NCC(C)C)n1,0
953,179,COc1cc(N2CCN(C)CC2)ccc1Nc1ncc(Cl)c(Nc2cccc3c2C(=O)N(C)C3)n1,1
954,1114,COc1ccc(Nc2ccnc(Nc3cc(OC)c(OC)c(OC)c3)n2)cc1O,0
955,109,CCCS(=O)(=O)c1ccccc1Nc1nc(Nc2cc(N3CCC(O)CC3)ccc2OC)ncc1Cl,1
956,1572,COCCCNC(=O)c1csc(CNC(=O)COc2ccc(OC(F)(F)F)cc2)n1,0
957,1187,COc1ccc(Nc2ccnc(Nc3ccc(OC)c(OCCn4ccnc4)c3)n2)cc1O,0
958,1509,COc1ccc(-c2nc3[nH]nc(C)c3c3cc(OCC4CCN(C)CC4)c(OC)c(F)c23)cc1Cl,0
959,801,NS(=O)(=O)c1c(Nc2ccnc(Nc3cccc(OCCN4CCCCC4)c3)n2)ccc2c1CCC2,0
960,1048,CNc1cc(Nc2nccc(Nc3cccc(OCCC#N)c3S(N)(=O)=O)n2)ccc1C,0
961,360,CC(=O)N[C@H]1CCN(c2nc(Nc3cc(C)[nH]n3)nc(N[C@@H](C)c3ncc(F)cn3)n2)C1,1
962,442,C[C@H](O)CN1CCN(c2cc(F)c(Nc3ncc4ccc(-c5ccccc5N(C)S(C)(=O)=O)n4n3)cc2F)CC1,1
963,1273,COc1cc(Nc2ncc3ccn(-c4cccc(C(=O)NCCCN)c4)c3n2)cc(OC)c1OC,0
964,879,NS(=O)(=O)c1c(Nc2ccnc(Nc3ccc4cc[nH]c4c3)n2)ccc2c1OCCO2,0
965,695,Clc1cnc2nc1Nc1cccc(c1)COCc1cccc(c1)N2.O=C(O)C(F)(F)F,0
966,74,CNC(=O)c1ccccc1Nc1nc(Nc2ccc(N3CCC(NC)C3)cc2OC)ncc1Cl,1
967,757,CCOc1cccc(Nc2nccc(Nc3ccc4c(c3S(N)(=O)=O)OCCO4)n2)c1,0
968,1574,O=C(COc1ccc(OC(F)(F)F)cc1)NCc1nc(C(=O)NCc2ccccc2)co1,0
969,585,O=C(COc1ccc(OC(F)(F)F)cc1)NCc1nc(C(=O)NCCSCc2ccco2)cs1,0
970,1446,COc1ccc(N2CCOCC2)cc1Nc1ncc(Br)c(Nc2ccccc2S(=O)(=O)N(C)C)n1,0
971,387,COc1cc2c(=O)c3c4ccc(C#N)cc4[nH]c3n(C(C)C)c2cc1N1CCC(N2CCOCC2)CC1,1
972,1142,CN1Cc2c(N3CCC(O)CC3)ccc(Nc3nc(Cl)ncc3Cl)c2C1=O,0
973,152,CNC(=O)c1ccccc1Nc1nc(Nc2ccc(N3CCC(OCCOC)CC3)cc2OC)ncc1Cl,1
974,612,CC(C)[C@H](C)NC(=O)c1csc(CNC(=O)COc2ccc(OC(F)(F)F)cc2)n1,0
975,396,CC(Oc1cc(-c2ccc(C3CNCCC3O)nc2)cnc1N)c1c(F)ccc(F)c1Cl,1
976,132,COc1cc(N2CCOCC2)ccc1Nc1ncc(Cl)c(Nc2cccc3c2C(=O)CC3)n1,1
977,519,Cc1ccsc1CNC(=O)c1csc(CNC(=O)COc2ccc(OC(F)(F)F)cc2)n1,0
978,261,CNS(=O)(=O)c1ccccc1Nc1nc(Nc2cccc(N(C)C)c2C)ncc1Br,1
979,209,CCNC1CCN(c2ccc(Nc3ncc(Cl)c(Nc4ccccc4S(=O)(=O)NC(C)C)n3)c(OC)c2)C1,1
980,1474,O=S(=O)(NCCO)c1ccccc1Nc1ccnc(Nc2cccc(OCCn3ccnc3)c2)n1,0
981,1512,Cc1n[nH]c2nc(-c3cn(C)c(=N)s3)c3c(F)cc(O)c(F)c3c12,0
982,573,CCCCOCCCNC(=O)c1csc(CNC(=O)COc2ccc(OC(F)(F)F)cc2)n1,0
983,443,CN1CCN(c2ccc3cc2CCc2cccc(c2)Nc2nc(ncc2Cl)N3)CC1,1
984,509,O=C(Cc1ccc2ccccc2c1)NCc1nc(C(=O)NCCc2ccccc2F)cs1,0
985,1287,COc1cc(Nc2ncc3ccn(-c4ccccc4C(=O)N(CCO)CCO)c3n2)cc(OC)c1OC,0
986,508,O=C(NCc1nc(C(=O)NCCc2cccc(Cl)c2)cs1)N[C@@H]1C[C@H]1c1ccccc1,0
987,1238,CCc1ccccc1Cn1ccc2cnc(Nc3cc(OC)c(OC)c(OC)c3)nc21,0
988,1571,O=C(COc1ccc(OC(F)(F)F)cc1)NCc1nc(C(=O)NC2CCCC2)cs1,0
989,1412,COc1cc(N2CCC(N3CCN(C)CC3)CC2)ccc1Nc1ncc(Cl)c(Nc2cccc3c2S(=O)(=O)CCC3)n1,0
990,25,CCCS(=O)(=O)c1ccccc1Nc1nc(Nc2ccc(C(=O)N3CCN(C(C)=O)CC3)cc2OC)ncc1Cl,1
991,1344,COc1ccc(N2CCN(C)CC2)cc1Nc1ncc(Br)c(Nc2ccccc2S(=O)(=O)NC(C)C)n1,0
992,860,CNS(=O)(=O)c1ccccc1Nc1nc(Nc2ccccc2)ncc1Br,0
993,878,CCN1CCc2ccc(Nc3nccc(Nc4ccc5c(c4S(N)(=O)=O)OCCO5)n3)cc21,0
994,1075,CCN(CCO)c1ccc(Nc2ncc3ccn(-c4ccccn4)c3n2)c(C)c1,0
995,836,COc1ccc(Nc2nccc(Nc3cccc(OCC(F)=C(F)F)c3S(N)(=O)=O)n2)cc1N(C)C,0
996,975,CC(C)c1ccccc1Nc1ncc2ccn(-c3ccccn3)c2n1,0
997,451,CN1CCN(C(=O)[C@H]2CC[C@@H](n3/c(=N/C(=O)c4ccc(F)cc4)[nH]c4ccc(CN5CCOCC5)cc43)CC2)CC1,1
998,515,CC(C)CCCC(C)NC(=O)c1csc(CNC(=O)COc2ccc(OC(F)(F)F)cc2)n1,0
999,816,C=C(Cl)COc1cccc(Nc2ccnc(Nc3ccc(OC)c(N(C)C)c3)n2)c1S(N)(=O)=O,0
1000,1302,COc1cc(Nc2ncc3ccn(-c4cccc(C(=O)NCC(=O)O)c4)c3n2)cc(OC)c1OC,0
1001,1622,CC(C)NC(=O)C1CCC(n2/c(=N/C(=O)c3cccc(S(C)(=O)=O)c3)[nH]c3cnc(OCCN4CCCCC4)cc32)CC1.O=C(O)C(F)(F)F,0
1002,891,C=CCNS(=O)(=O)c1cccc(C(=O)N=c2[nH]c3cnc(OCCN4CCCCC4)cc3n2[C@H]2CC[C@H](C(=O)NC(C)C)CC2)c1,0
1003,1272,COc1cc(Nc2ncc3ccn(-c4cccc(CC(=O)N5CCOCC5)c4)c3n2)cc(OC)c1OC,0
1004,1281,COc1cc(Nc2ncc3ccn(-c4cccc(C(=O)NC5CCC(N)CC5)c4)c3n2)cc(OC)c1OC,0
1005,173,CNS(=O)(=O)c1ccccc1Nc1nc(Nc2cc(C(=O)N3CCN(C)CC3)ccc2OC)ncc1Br,1
1006,325,C[C@H]1Oc2cc(cnc2N)-c2c(nn(C)c2C#N)OCCOc2ccc(F)cc21,1
1007,780,CC(C)NC(=O)C1CCC(n2/c(=N/C(=O)c3nccs3)[nH]c3cnc(OCCN4CCCCC4)cc32)CC1,0
1008,1654,CC(C)Oc1cc2c(cc1Nc1nc(Nc3ccccc3S(=O)(=O)C(C)C)c3cn[nH]c3n1)C(=O)N(C1CCNCC1)C2,0
1009,1576,O=C(COc1ccc(OC(F)(F)F)cc1)NCc1nc(C(=O)NCc2ccco2)cs1,0
1010,1338,CNC(=O)c1ccccc1Nc1nc(Nc2ccc(N3CCC[C@@](C)(C(N)=O)C3)cc2OC)ncc1Cl,0
1011,1168,NS(=O)(=O)c1ccccc1Nc1ccnc(Nc2cccc(OCCCn3ccnc3)c2)n1,0
1012,934,C=CCNS(=O)(=O)c1cccc(C(=O)N=c2[nH]c3cnc(OCCN4CCCCC4)cc3n2[C@H]2CC[C@@H](C(=O)NC(C)C)CC2)c1,0
1013,485,CS(=O)(=O)Nc1ccc2cc1CCc1cccc(c1)Nc1ncc(Cl)c(n1)N2.O=C(O)C(F)(F)F,0
1014,447,COc1cc(C(=O)/N=c2\[nH]c3cnc(OCCN4CCCCC4)cc3n2[C@H]2CC[C@@H](C(=O)NC(C)C)CC2)ccc1F,1
1015,427,CC(Oc1cc(-c2ccc(C3CCNCC3O)nc2)cnc1N)c1cc(Cl)ccc1C(F)(F)F,1
1016,1248,CCCCOc1ccc(C)c(Nc2ncc3ccn(-c4ccccn4)c3n2)c1,0
1017,791,Cc1n[nH]c(C2CCC(n3/c(=N/C(=O)c4cccc(F)c4)[nH]c4ccc(CO)cc43)CC2)n1,0
1018,430,C[C@@H]1Oc2cc(cnc2N)-c2c(nn(C)c2C#N)NC(=O)COc2ccc(F)cc21,1
1019,1101,COc1ccc(Nc2nccc(Nc3ccc(C)cc3S(N)(=O)=O)n2)cc1,0
1020,125,CNC(=O)c1ccccc1Nc1nc(Nc2cc(N3CCC(NC)C3)ccc2OC)ncc1Cl,1
1021,316,CNS(=O)(=O)c1ccccc1Nc1nc(Nc2ccc(OC3CCN(C)C3)cc2OC)ncc1Cl,1
1022,597,CCC(NC(=O)c1csc(CNC(=O)COc2ccc(OC(F)(F)F)cc2)n1)c1ccccc1,0
1023,1010,CCNc1ccc(Nc2nccc(Nc3ccc4c(c3S(N)(=O)=O)OCCO4)n2)cc1C,0
1024,1135,COc1ccc(Nc2ncc(Cl)c(Nc3ccc(N4CCN(C(C)C)CC4)c4c3C(=O)N(C)CC4)n2)c(OC)c1,0
1025,978,CCc1ccccc1Nc1ncc2ccn(-c3ccccn3)c2n1,0
1026,480,CC(Oc1cc(-c2ccc(C3CNC[C@H](O)C3)nc2)cnc1N)c1cc(Cl)ccc1C(F)(F)F,0
1027,369,CC1NCCc2cc(-c3cnc(N)c(O[C@H](C)c4c(Cl)ccc(F)c4Cl)c3)ccc21,1
1028,477,C=CCNS(=O)(=O)c1cccc(C(=O)/N=c2\[nH]c3cnc(OCCN4CCCCC4)cc3n2[C@H]2CC[C@H](C(=O)NC(C)C)CC2)c1,1
1029,1352,COc1cc(OC2CCN(C)CC2)ccc1Nc1ncc(Cl)c(Nc2cccc3c2C(=O)N(C)C3)n1,0
1030,105,CNC(=O)c1ccccc1Nc1nc(Nc2cc(N3CCN(C(C)=O)CC3)ccc2OC)ncc1Cl,1
1031,431,COc1cc(N2CCN(C[C@H](C)O)CC2)c(F)cc1Nc1ncc2ccc(-c3ccccc3N(C)S(C)(=O)=O)n2n1,1
1032,950,COc1cc(Nc2ncc3ccn(CCc4cccnc4)c3n2)cc(OC)c1OC,0
1033,1153,COc1cc(Nc2ncc3ccn(-c4cccc(C(=O)NCCN)n4)c3n2)cc(OC)c1OC,0
1034,330,CCc1cc2c(=O)c3c4ccc(C#N)cc4[nH]c3n(C3CCC3)c2cc1N1CCN(C)CC1,1
1035,107,CNS(=O)(=O)c1ccccc1Nc1nc(Nc2ccc(OCC3CCN(C)CC3)cc2OC)ncc1Cl,1
1036,1260,COc1ccc(Nc2ncc3ccn(-c4ccc(OC)nc4)c3n2)c(C)c1,0
1037,133,CCCS(=O)(=O)c1ccccc1Nc1nc(Nc2ccc(N3CCC(NC)C3)cc2OC)ncc1Cl,1
1038,1195,COc1cc(Nc2nccc(Nc3ccccc3C(=O)NO)n2)cc(OC)c1OC,0
1039,224,CNS(=O)(=O)c1ccccc1Nc1nc(Nc2cc(F)ccc2Cl)ncc1Br,1
1040,961,COc1cc(Nc2ncc3ccn(-c4ccnc(Cl)n4)c3n2)cc(OC)c1OC,0
1041,1385,COc1cc(F)ccc1Nc1ncc(Cl)c(Nc2ccc(N3CCN(C)CC3)c3c2C(=O)N(C)CC3)n1,0
1042,853,NC1CCN(c2ccc(Nc3nccc(Nc4ccccc4C(=O)O)n3)cc2)CC1,0
1043,1450,CCN(C)S(=O)(=O)c1ccccc1Nc1nc(Nc2ccc(N3CCN(C)CC3)cc2OC)ncc1Cl,0
1044,414,O=C(/N=c1\[nH]c2ccc(CN3CCCCC3)cc2n1C12CC3CC(CC(C3)C1)C2)c1ccccc1,1
1045,986,COc1ccccc1Nc1ncc2ccn(-c3ccccn3)c2n1,0
1046,410,CC(Oc1cc(-c2ccc(C3(O)CCOCC3)nc2)cnc1N)c1c(Cl)cccc1Cl,1
1047,425,O=C(/N=c1\[nH]c2ccc(CN3CCOCC3)cc2n1[C@H]1CC[C@@H](C(=O)NO)CC1)c1ccc(F)cc1,1
1048,1277,Cc1ccc(-n2c(C)c3c(C)nnc(C)c3c2C)cc1Nc1ncc2ccn(-c3ccccn3)c2n1,0
1049,555,CC(CCc1ccccc1)NC(=O)c1csc(CNC(=O)COc2ccc(OC(F)(F)F)cc2)n1,0
1050,1540,O=C(COc1ccc(OC(F)(F)F)cc1)NCc1nc(C(=O)NCc2ccc(Cl)c(Cl)c2)co1,0
1051,1018,COc1cc(Nc2ncc3ccn(-c4cccc(CCC(=O)NCC(C)C)c4)c3n2)cc(OC)c1OC,0
1052,1282,COc1cc(Nc2ncc3ccn(-c4cccc(CCC(=O)NCCCN(C)C)c4)c3n2)cc(OC)c1OC,0
1053,212,CCCS(=O)(=O)c1ccccc1Nc1nc(Nc2ccc(C(=O)N3CCOCC3)cc2OC)ncc1Cl,1
1054,1329,CC(C)NS(=O)(=O)c1ccccc1Nc1nc(Nc2ccc(N3CCN(C)CC3)cc2OCC2CC2)ncc1Cl,0
1055,790,COC(=O)C1CCC(n2/c(=N/C(=O)c3cccc(C(F)(F)F)c3)[nH]c3ccc(CO)cc32)CC1,0
1056,1202,O=C(O)c1ccccc1Nc1ccnc(Nc2cccc(N3CCOCC3)c2)n1,0
1057,1095,COc1cc(Nc2nccc(Nc3ccccc3C(=O)O)n2)cc(OC)c1OC,0
1058,276,COc1cc(Nc2ncc3c(n2)N(c2ccccn2)C(=O)C3)cc(OC)c1OC,1
1059,398,CC(Oc1cc(-c2ccc(N3CCNCC3)nc2)cnc1N)c1cc(Cl)ccc1Cl,1
1060,1071,CCCNS(=O)(=O)c1ccncc1-n1ccc2cnc(Nc3cc(OC)ccc3C)nc21,0
1061,830,Cn1ncc2ccc(Nc3nccc(Nc4cccc(OC(F)(F)F)c4S(N)(=O)=O)n3)cc21,0
1062,400,CC(Oc1cc(-c2ccc(C3CO[C@@H]4[C@H](O)CO[C@H]34)nc2)cnc1N)c1cc(Cl)ccc1Cl,1
1063,1341,COCCNS(=O)(=O)c1ccccc1Nc1nc(Nc2ccc(N3CCOCC3)cc2OC)ncc1Cl,0
1064,189,COc1cc(N2CCOCC2)ccc1Nc1ncc(Cl)c(Nc2ccccc2C(=O)N2CCCC2)n1,1
1065,319,COc1cc(N2CCOCC2)ccc1Nc1ncc(Cl)c(Nc2ccccc2S(=O)(=O)C(C)C)n1,1
1066,1203,CN1CCCC1Oc1cccc(Nc2nccc(Nc3cc(Cl)ccc3O)n2)c1,0
1067,1100,COc1cc(Nc2nccc(Nc3ccc(CCO)cc3)n2)cc(OC)c1,0
1068,304,CCC(C)NS(=O)(=O)c1ccccc1Nc1nc(Nc2ccc(F)cc2OC)ncc1Cl,1
1069,1288,COc1cc(Nc2ncc3ccn(-c4cccc(CCC(=O)N5CCOCC5)c4)c3n2)cc(OC)c1OC,0
1070,82,CNS(=O)(=O)c1ccccc1Nc1nc(Nc2cc(N3CCC(N4CCN(C)CC4)CC3)ccc2OC)ncc1Cl,1
1071,41,CNS(=O)(=O)c1ccccc1Nc1nc(Nc2ccc(OCCCN3CCN(C)CC3)cc2OC)ncc1Br,1
1072,834,COc1ccc(Nc2nccc(Nc3ccc4c(c3S(N)(=O)=O)OC(F)(F)C(F)(F)O4)n2)cc1N(C)C,0
1073,342,COc1ccc2cc1Nc1nc(ncc1Cl)Nc1ccc(N3CCN(C)CC3)c(c1)CC2,1
1074,746,Cc1ccc(Nc2nccc(Nc3ccc4c(c3S(N)(=O)=O)OCCO4)n2)cc1,0
1075,429,CC(C)c1cc2c(=O)c3c4ccc(C#N)cc4[nH]c3n(C(C)C)c2cc1N1CCN(C)CC1,1
1076,67,COc1cc(NC(C)(C)CO)ccc1Nc1ncc(Cl)c(Nc2ccccc2S(=O)(=O)NC(C)C)n1,1
1077,471,O=C(Nc1nc2ccc(CN3CCCCC3)cc2n1[C@H]1CC[C@@H](C(=O)O)CC1)c1ccc(F)cc1,1
1078,694,Brc1cnc2nc1Nc1cccc(c1)CCc1cccc(c1)N2.O=C(O)C(F)(F)F,0
1079,1630,C#Cc1cc(Nc2ncc(C)c(Nc3ccccc3C(=O)NC(C)C)n2)c(OC(C)C)cc1C,0
1080,779,CC(C)NC(=O)C1CCC(n2/c(=N/C(=O)c3ccc(C(N)=O)cc3)[nH]c3cnc(OCCN4CCCCC4)cc32)CC1,0
1081,1268,COc1ccc(C)c(Nc2ncc3ccn(-c4ccnc(Cl)c4)c3n2)c1,0
1082,114,COc1cc(N2CCC(O)CC2)ccc1Nc1ncc(Cl)c(Nc2cccc3c2C(=O)N(C)C3)n1,1
1083,201,CNS(=O)(=O)c1ccccc1Nc1nc(Nc2ccc(N3CCCC(C(N)=O)C3)cc2OC)ncc1Br,1
1084,840,NS(=O)(=O)c1c(Nc2ccnc(Nc3cccc(OCC4CCCO4)c3)n2)ccc2c1OCCO2,0
1085,1552,O=C(COc1ccc(OC(F)(F)F)cc1)NCc1nc(C(=O)NCc2ccc(F)cc2)co1,0
1086,718,COc1cc2c(-c3ccc(O)cc3)nc3[nH]nc(CNCc4ccccc4)c3c2cc1OC,0
1087,94,CNS(=O)(=O)c1ccccc1Nc1nc(Nc2cc(OC3CCN(C)CC3)ccc2OC)ncc1Br,1
1088,1397,COc1ccc(N2CCC(N3CCN(C)CC3)CC2)cc1Nc1ncc(Br)c(Nc2ccccc2S(=O)(=O)NC(C)C)n1,0
1089,438,CC(Oc1cc(-c2ccc(C3CCNCC3)nc2)cnc1N)c1cc(Cl)ccc1C(F)(F)F,1
1090,1105,COc1cc(Nc2nccc(Nc3ccc(S(N)(=O)=O)cc3)n2)cc(OC)c1,0
1091,11,C#Cc1cc2c(=O)c3c4ccc(C#N)cc4[nH]c3n(C3CCC3)c2cc1N1CCN(C)CC1,1
1092,895,COC(=O)[C@H]1CC[C@@H](n2c(=NC(=O)c3cccc(C(F)(F)F)c3)[nH]c3ccc(CO)cc32)CC1,0
1093,1627,Clc1cnc2nc1NCc1cc(ccc1Br)OCCCc1cccc(c1)N2,0
1094,93,CCNC(=O)c1ccccc1Nc1nc(Nc2ccc(N3CCN(C)CC3)cc2OC)ncc1Cl,1
1095,959,COc1cc(Nc2ncc3ccn(-c4ccccc4C)c3n2)cc(OC)c1OC,0
1096,1395,COc1cc(N2CC[C@@H](N(C)C)C2)ccc1Nc1ncc(Cl)c(Nc2ccccc2S(=O)(=O)NC(C)C)n1,0
1097,691,C[C@H](Oc1cc(-c2ccc([C@H]3CO[C@H]4[C@@H]3OC[C@H]4O)nc2)cnc1N)c1cc(Cl)ccc1Cl,0
1098,459,CC(C)S(=O)(=O)N1CCC(n2/c(=N/C(=O)c3ccccc3)[nH]c3cnc(OCCN4CCCCC4)cc32)CC1,1
1099,913,COc1ccc(C(=O)/N=c2\[nH]c3cnc(OCCN4CCCCC4)cc3n2C2CCC(C(=O)NC(C)C)CC2)cc1.O=C(O)C(F)(F)F,0
1100,1628,Cc1ccc(O)cc1CC[C@@H]1[C@@H](O)CC[C@]2(C)C([C@H](C)/C=C/CC(C)C)CC[C@@H]12,0
1101,1361,CCN[C@H]1CCN(c2ccc(Nc3ncc(Cl)c(Nc4ccccc4S(=O)(=O)NC(C)C)n3)c(OC)c2)C1,0
1102,1493,O=C(O)C(F)(F)F.O=S1Cc2cccc(c2)Nc2nc(ncc2Cl)Nc2cccc1c2,0
1103,1648,CC(C)Oc1cc2c(cc1Nc1ncc(Cl)c(Nc3ccccc3S(=O)(=O)C(C)C)n1)C(=O)N(CCO)C2,0
1104,1545,CC1CC(C)CN(C(=O)c2csc(CNC(=O)COc3ccc(OC(F)(F)F)cc3)n2)C1,0
1105,1188,CNS(=O)(=O)c1cccc(Nc2nc(Nc3cc(OC)c(OC)c(OC)c3)ncc2C)c1,0
1106,1396,CNC(=O)c1cc(N2CCC(O)CC2)ccc1Nc1nc(Nc2cc(N3CCOCC3)ccc2OC)ncc1Cl,0
1107,351,COc1cc2c(=O)c3c4ccc(C#N)cc4[nH]c3n(C(C)C)c2c(F)c1N1CCC(N2CCOCC2)CC1,1
1108,280,CNS(=O)(=O)c1ccccc1Nc1nc(Nc2cc(Cl)ccc2OC)ncc1Br,1
1109,753,C=CCOc1cccc(Nc2ccnc(Nc3ccc(OC)c(N(C)C)c3)n2)c1S(N)(=O)=O,0
1110,134,CNS(=O)(=O)c1ccccc1Nc1nc(Nc2ccc(OC3CCN(C)CC3)cc2OC)ncc1Br,1
1111,426,CC(C)NC(=O)[C@H]1CC[C@@H](n2/c(=N/C(=O)c3ccc(F)cc3F)[nH]c3cnc(OCCN4CCCCC4)cc32)CC1,1
1112,1264,COc1ccc(C)c(Nc2ncc3ccn(-c4ccc(OC)nc4)c3n2)c1,0
1113,707,Cc1n[nH]c2nc(-c3nnc(N)s3)c3c(F)cc(O)c(F)c3c12,0
1114,1015,CNc1ccc(Nc2nccc(Nc3ccc4c(c3S(N)(=O)=O)OCCO4)n2)cc1C(F)(F)F,0
1115,79,CNC(=O)c1ccccc1Nc1nc(Nc2cc(N3CCC(N4CCN(C)CC4)CC3)ccc2OC)ncc1Cl,1
1116,1245,CNS(=O)(=O)c1ccccc1-n1ccc2cnc(Nc3cc(OC)ccc3C)nc21,0
1117,1093,COc1cc(Nc2nccc(Nc3cccc(S(N)(=O)=O)c3)n2)cc(OC)c1OC,0
1118,591,CC(C)c1ccc(OCC(=O)NCc2nc(C(=O)NCCc3cccc(Cl)c3)cs2)cc1,0
1119,564,Cc1cccc(CCNC(=O)c2coc(CNC(=O)COc3ccc(OC(F)(F)F)cc3)n2)c1,0
1120,751,COc1cc(Nc2nccc(Nc3ccc4c(c3S(N)(=O)=O)OCCO4)n2)ccc1SC,0
1121,1601,Clc1cnc2nc1Nc1cccc(c1)COc1cccc(c1)N2.O=C(O)C(F)(F)F,0
1122,1463,CCCNS(=O)(=O)c1ccccc1Nc1nc(Nc2cc(OC)c(OC)c(OC)c2)ncc1Br,0
1123,1503,Clc1cnc2nc1NCc1cccc(c1)OCCc1cccc(c1)N2.O=C(O)C(F)(F)F,0
1124,512,COc1cccc(CNC(=O)c2csc(CNC(=O)COc3ccc(C(C)C)cc3)n2)c1OC,0
1125,286,COc1cc(F)ccc1Nc1ncc(Cl)c(Nc2ccccc2S(=O)(=O)NC(C)C)n1,1
1126,981,Cc1ccc(Br)cc1Nc1ncc2ccn(-c3ccccn3)c2n1,0
1127,1147,COc1ccc(Nc2nccc(Nc3cccc(O)c3)n2)cc1OC,0
1128,1367,CCN1CCc2cccc(Nc3nc(Nc4ccc(N5CCOCC5)cc4OC)ncc3Cl)c2C1=O,0
1129,92,CCCS(=O)(=O)c1ccccc1Nc1nc(Nc2cc(N3CCC(N(C)C)C3)ccc2OC)ncc1Cl,1
1130,994,COc1cc(Nc2ncc3ccn(-c4ccc(C)cn4)c3n2)cc(OC)c1OC,0
1131,1357,CC(C)NS(=O)(=O)c1ccccc1Nc1nc(Nc2ccc(N3CCN(C)CC3)cc2OC(C)C)ncc1Cl,0
1132,1033,CCS(=O)(=O)c1ccccc1Nc1nc(Nc2ccc(CN3CCC[C@@H](C(N)=O)C3)cc2OC)ncc1Cl,0
1133,955,COc1cc(Nc2ncc3ccn(-c4cccc(C#N)c4)c3n2)cc(OC)c1OC,0
1134,1487,Cc1cccc(Nc2ccnc(Nc3cccc(OCCn4ccnc4)c3)n2)c1S(N)(=O)=O,0
1135,728,COc1cc2c(cc1F)c(-c1ccc(O)cc1)nc1[nH]nc(C)c12,0
1136,1244,COc1ccccc1Cn1ccc2cnc(Nc3cc(OC)c(OC)c(OC)c3)nc21,0
1137,28,CCCS(=O)(=O)c1ccccc1Nc1nc(Nc2ccc(N3CCC[C@@H](C(N)=O)C3)cc2OC)ncc1Cl,1
1138,511,O=C(COc1ccc(OC(F)(F)F)cc1)NCc1nc(C(=O)NCCc2ccccc2)cs1,0
1139,401,CCC(CC)n1c2cc(N3CCN(C)CC3)c(OC)cc2c(=O)c2c3ccc(C#N)cc3[nH]c21,1
1140,657,O=C(COc1ccc(OC(F)(F)F)cc1)NCc1nc(C(=O)NCCC2=CCCCC2)co1,0
1141,1247,COc1cc(Nc2ncc3ccn(-c4cc(C)cc(C)c4)c3n2)cc(OC)c1OC,0
1142,391,C=C(C)c1cc2c(=O)c3c4ccc(C#N)cc4[nH]c3n(C(C)C)c2cc1N1CCN(C)CC1,1
1143,1054,Cn1ncc2ccc(Nc3nccc(Nc4cccc(OCc5ccccc5)c4S(N)(=O)=O)n3)cc21,0
1144,819,C=C(F)COc1cccc(Nc2ccnc(Nc3ccc(OC)c(N(C)C)c3)n2)c1S(N)(=O)=O,0
1145,679,Clc1cnc2nc1Nc1cccc(c1)SCc1cccc(c1)N2.O=C(O)C(F)(F)F,0
1146,269,NS(=O)(=O)c1ccccc1Nc1nc(Nc2cccc3c2OC(F)(F)O3)ncc1Br,1
1147,919,COc1cccc(C(=O)N=c2[nH]c3cnc(OCCN4CCCCC4)cc3n2[C@H]2CC[C@@H](C(=O)NC(C)C)CC2)c1,0
1148,1086,COc1cc(Nc2ncc3ccn(-c4cccc(C(=O)NCC#N)c4)c3n2)cc(OC)c1OC,0
1149,1149,COc1cc(Nc2ncc3cc(C(=O)O)n(-c4ccccn4)c3n2)cc(OC)c1OC,0
1150,1031,COc1cc(N2CCN3CCOC[C@@H]3C2)ccc1Nc1ncc(Cl)c(Nc2ccccc2S(=O)(=O)C(C)C)n1,0
1151,813,C=C(F)COc1cccc(Nc2ccnc(Nc3ccc4cnn(C)c4c3)n2)c1S(N)(=O)=O,0
1152,792,C=C(Cl)COc1cccc(Nc2ccnc(Nc3ccc(OC)c(OC)c3)n2)c1S(N)(=O)=O,0
1153,1427,CC(=O)N(C)c1ccc(Nc2nccc(Nc3ccc(S(=O)(=O)NCCOCCO)cc3)n2)cc1,0
1154,1624,O=C(O)C(F)(F)F.O=C1CCc2cccc(c2)Nc2nc(ncc2Cl)Nc2cccc1c2,0
1155,1059,COc1cc(Nc2ncc3ccn(-c4cccc(C(=O)NCCN)c4)c3n2)cc(OC)c1OC,0
1156,5,C#Cc1cc2c(=O)c3c4ccc(C#N)cc4[nH]c3n(C(C)C)c2cc1N1CCN(C)CC1,1
1157,525,O=C(COc1ccc(OC(F)(F)F)cc1)NCc1nc(C(=O)NCc2cccs2)cs1,0
1158,885,CNc1cc(Nc2nccc(Nc3ccc4c(c3S(N)(=O)=O)OCCC4)n2)ccc1C,0
1159,1005,COCCCNS(=O)(=O)c1cc(C(=O)Nc2nc3ccc(CO)cc3n2C2CCC(C(=O)OC)CC2)ccc1F,0
1160,1347,CNS(=O)(=O)c1ccccc1Nc1nc(Nc2cc(N3CCOCC3)c(F)cc2OC)ncc1Br,0
1161,674,Cl.Clc1cnc2nc1Nc1cccc(c1)CCSc1cccc(c1)N2,0
1162,1221,COc1ccc(Nc2nccc(Nc3ccccc3O)n2)cc1OCCn1ccnc1,0
1163,1061,COC(=O)CNC(=O)c1cccc(-n2ccc3cnc(Nc4cc(OC)c(OC)c(OC)c4)nc32)n1,0
1164,1035,COc1cc(Nc2nccc(Nc3ccc4c(c3S(N)(=O)=O)OCCO4)n2)cc2cccnc12,0
1165,1234,COC(=O)c1ccc(-n2ccc3cnc(Nc4cc(OC)ccc4C)nc32)cc1,0
1166,1084,CCCNS(=O)(=O)c1cccnc1-n1ccc2cnc(Nc3cc(OC)ccc3C)nc21,0
1167,1183,CNS(=O)(=O)c1ccccc1Nc1ccnc(Nc2ccc(OC)c(OCCn3ccnc3)c2)n1,0
1168,378,CN1CCN(c2ccc(C(=O)Nc3n[nH]c4cc(OCc5cc(F)cc(F)c5)ccc34)c(NCCF)c2)CC1,1
1169,1645,CC(C)Oc1cc2c(cc1Nc1ncc(Cl)c(Nc3ccccc3S(=O)(=O)C(C)C)n1)C(=O)N([C@H]1C[C@@H](C(N)=O)N(C)C1)C2,0
1170,842,COCCOc1cc(Nc2nccc(Nc3ccc4c(c3S(N)(=O)=O)CCC4)n2)ccc1OC,0
1171,296,CNS(=O)(=O)c1ccccc1Nc1nc(Nc2ccc(-n3ccnc3)cc2OC)ncc1Br,1
1172,288,CNS(=O)(=O)c1ccccc1Nc1nc(Nc2cc(-c3ccccn3)ccc2OC)ncc1Br,1
1173,270,CNS(=O)(=O)c1ccccc1Nc1nc(Nc2ccc(OC)cc2OC)ncc1Br,1
1174,299,CNS(=O)(=O)c1ccccc1Nc1nc(Nc2cccc3c2CCCC3)ncc1Br,1
1175,1193,Cc1ccc(Nc2ccnc(Nc3cccc(OCCn4ccnc4)c3)n2)c(S(N)(=O)=O)c1,0
1176,956,COC(=O)c1ccccc1-n1ccc2cnc(Nc3cc(OC)c(OC)c(OC)c3)nc21,0
1177,1206,CNS(=O)(=O)c1ccccc1Nc1nc(Nc2ccc(C)c(OC)c2)ncc1Br,0
1178,253,CNS(=O)(=O)c1ccccc1Nc1nc(Nc2ccc(N3CCOCC3)cc2OC)ncc1Br,1
1179,625,O=C(COc1ccc(OC(F)(F)F)cc1)NCc1nc(C(=O)N[C@H]2CCCc3ccccc32)cs1,0
1180,506,CCCCOc1ccc(NC(=O)NCc2nc(C(=O)NCc3ccccc3OC)cs2)cc1,0
1181,1625,O=S1(=O)NCc2cccc(c2)Nc2nc(ncc2Cl)Nc2cccc1c2,0
1182,424,CC(C)NC(=O)[C@H]1CC[C@@H](n2/c(=N/C(=O)N3CCCC3)[nH]c3cnc(OCCN4CCCCC4)cc32)CC1,1
1183,844,C[C@H]1CN(C(=O)C2CCC(n3/c(=N/C(=O)c4ccccc4)[nH]c4cnc(OCCN5CCCCC5)cc43)CC2)CCN1,0
1184,129,COc1cc(N2CCOCC2)ccc1Nc1ncc(Cl)c(Nc2ccccc2S(=O)(=O)CC(C)C)n1,1
1185,78,CCCS(=O)(=O)c1ccccc1Nc1nc(Nc2cc(OCCN3CCN(C(C)=O)CC3)ccc2OC)ncc1Cl,1
1186,108,CNS(=O)(=O)c1ccccc1Nc1nc(Nc2ccc(N3CCN(C(C)=O)CC3)cc2OC)ncc1Cl,1
1187,1515,COc1cc2c(-c3ccc(O)c(OC(F)F)c3)nc3[nH]nc(C)c3c2cc1OC,0
1188,760,Cn1ncc2ccc(Nc3nccc(Nc4ccc5c(c4S(N)(=O)=O)OCO5)n3)cc21,0
1189,1607,CC(C)NC(=O)C1CCC(n2/c(=N/C(=O)c3ccccn3)[nH]c3cnc(OCCN4CCCCC4)cc32)CC1.O=C(O)C(F)(F)F,0
1190,1332,COc1cc(OCCN2CCC(O)CC2)ccc1Nc1ncc(Cl)c(Nc2cccc3c2C(=O)N(C)C3)n1,0
1191,75,CNS(=O)(=O)c1ccccc1Nc1nc(Nc2ccc(N3CCSCC3)cc2OC)ncc1Br,1
1192,13,CCc1cc2c(=O)c3c4ccc(C#N)cc4[nH]c3n(C(C)C)c2cc1C1CCN(C(C)C)CC1,1
1193,1663,Cc1cnc(Nc2cc3c(cc2OC(C)C)CCC3=O)nc1Nc1ccccc1S(=O)(=O)C(C)C,0
1194,1201,COc1cc(Nc2nccc(Nc3cccc(O)c3)n2)cc(O)c1C(=O)O,0
1195,51,CNC(=O)c1cc(N2CCCC2)ccc1Nc1nc(Nc2ccc(N3CCN(C)CC3)cc2OC)ncc1Cl,1
1196,1136,COc1cc(Nc2ncc3c(n2)N(c2cccnc2)C(O)CC3)cc(OC)c1OC,0
1197,803,NS(=O)(=O)c1c(Nc2ccnc(Nc3cccc(OCCC4CCCCC4)c3)n2)ccc2c1OCCO2,0
1198,504,CCc1ccc(NC(=O)NCc2nc(C(=O)NCc3cccc(OC)c3OC)cs2)cc1,0
1199,907,O=C(N=c1[nH]c2cnc(OCCN3CCCCC3)cc2n1[C@H]1CC[C@@H](C(=O)N2CCNCC2)CC1)c1ccc(F)cc1,0
1200,1504,Cl.Clc1cnc2nc1Nc1cc(cc(CN3CCNCC3)c1)CCc1cccc(c1)N2,0
1201,340,COc1cc(C2CCN(C[C@H](O)CF)CC2)ccc1Nc1ncc2ccc(-c3ccccc3OC)n2n1,1
1202,524,C[C@H](NC(=O)c1csc(CNC(=O)COc2ccc(OC(F)(F)F)cc2)n1)C(C)(C)C,0
1203,449,O=C(/N=c1\[nH]c2cnc(OCCN3CCCCC3)cc2n1[C@H]1CC[C@@H](C(=O)N2CCNCC2)CC1)c1ccc(F)cc1,1
1204,1109,O=C(O)c1ccccc1Nc1ccnc(Nc2cccc(CO)c2)n1,0
1205,690,Clc1cnc2nc1Nc1cccc(c1)CCNc1cccc(c1)N2.O=C(O)C(F)(F)F,0
1206,1040,CCNc1ccc(Nc2nccc(Nc3cccc(OC)c3S(N)(=O)=O)n2)cc1C,0
1207,997,Cc1cc(I)ccc1Nc1ncc2ccn(-c3ccccn3)c2n1,0
1208,416,C=CCNS(=O)(=O)c1cccc(C(=O)/N=c2\[nH]c3cnc(OCCN4CCCCC4)cc3n2[C@H]2CC[C@H](C(=O)NC)CC2)c1,1
1209,1481,CN1CCCC(Oc2cccc(Nc3nccc(Nc4cc(Cl)ccc4O)n3)c2)CC1,0
1210,206,COc1cc(N2CCC(N(C)C(C)=O)C2)ccc1Nc1ncc(Cl)c(Nc2ccccc2S(=O)(=O)NC(C)C)n1,1
1211,279,CNC(=O)c1c(C)cccc1Nc1nc(Nc2ccc(N3CCOCC3)cc2OC)ncc1Cl,1
1212,531,O=C(COc1ccc(OC(F)(F)F)cc1)NCc1nc(C(=O)NCC2CC2)cs1,0
1213,1582,O=C(COc1ccc(OC(F)(F)F)cc1)NCc1nc(C(=O)NCCN2CCCC2)cs1,0
1214,103,CNS(=O)(=O)c1ccccc1Nc1nc(Nc2cc(OCCN3CCOCC3)ccc2OC)ncc1Cl,1
1215,1181,COc1cc(Nc2ncc(Br)c(Nc3ccccc3S(=O)(=O)N(C)C)n2)cc(OC)c1OC,0
1216,1436,COc1ccc(N2CCOCC2)cc1Nc1ncc(Br)c(Nc2ccccc2S(=O)(=O)NC(C)C)n1,0
1217,755,COCCNc1cc(Nc2nccc(Nc3cccc(OC)c3S(N)(=O)=O)n2)ccc1C,0
1218,632,O=C(COc1ccc(OC(F)(F)F)cc1)NCc1nc(C(=O)NC2CCCCCCC2)cs1,0
1219,495,O=C(O)C(F)(F)F.Oc1ccc2cc1Nc1nc(ncc1Cl)Nc1cccc(c1)CC2,0
1220,1498,O=C(O)C(F)(F)F.O=S1(=O)CCc2cccc(c2)Nc2ncc(Cl)c(n2)Nc2cccc1c2,0
1221,1456,CNS(=O)(=O)c1ccccc1Nc1nc(Nc2cc(OC[C@@H]3CCCN3C)ccc2OC)ncc1Br,0
1222,213,COc1cc(N2CCC(N(C)C)C2)ccc1Nc1ncc(Cl)c(Nc2ccccc2S(=O)(=O)NC(C)C)n1,1
1223,549,O=C(COc1ccc(OC(F)(F)F)cc1)NCc1nc(C(=O)NCCN2CCOCC2)cs1,0
1224,34,CCCS(=O)(=O)c1ccccc1Nc1nc(Nc2ccc(N3CCCC(C(N)=O)C3)cc2OC)ncc1Cl,1
1225,1594,O=C(O)C(F)(F)F.c1cc2cc(c1)Nc1ccnc(n1)Nc1cccc(c1)CC2,0
1226,661,Cc1ccc(CCNC(=O)c2coc(CNC(=O)COc3ccc(OC(F)(F)F)cc3)n2)cc1C,0
1227,80,COc1cc(OCCN2CCOCC2)ccc1Nc1ncc(Cl)c(Nc2ccccc2S(=O)(=O)NC(C)C)n1,1
1228,259,CNS(=O)(=O)c1ccccc1Nc1nc(Nc2ccc(N3CCNCC3)cc2OC)ncc1Cl,1
1229,1046,CNc1cc(Nc2nccc(Nc3cccc(OC)c3S(N)(=O)=O)n2)ccc1Cl,0
1230,849,COc1ccc(Nc2ccnc(Nc3cccc(OCCC4CCCN4C)c3)n2)cc1O,0
1231,1124,NS(=O)(=O)c1ccccc1Nc1ccnc(Nc2ccc3[nH]ccc3c2)n1,0
1232,793,COc1ccc(Nc2nccc(Nc3ccc4c(c3S(N)(=O)=O)OCCCO4)n2)cc1OC,0
1233,1468,COc1cc(Nc2nccc(Nc3ccc(C)c(OC)c3S(N)(=O)=O)n2)cc(OC)c1OC,0
1234,700,COc1cc2c(-c3ccc(O)cc3)nc3[nH]nc(Cc4cccc(C)c4)c3c2cc1OC,0
1235,1507,O=C(Nc1n[nH]c2cc(OCc3cc(F)cc(F)c3)ccc12)c1ccccc1,0
1236,673,Cc1ccc2cc1Nc1ncc(Cl)c(n1)Nc1cccc(c1)CC2.O=C(O)C(F)(F)F,0
1237,1028,CCN(CC)c1cc(Nc2nccc(Nc3ccc4c(c3S(N)(=O)=O)OCCO4)n2)ccc1OC,0
1238,483,CC(Oc1cc(-c2ccc(C3CO[C@@H]4[C@H](O)CO[C@H]34)nc2)cnc1N)c1cc(Cl)ccc1C(F)(F)F,0
1239,636,O=C(COc1ccc(OC(F)(F)F)cc1)NCc1nc(C(=O)NCc2cccc(C(F)(F)F)c2F)cs1,0
1240,659,O=C(COc1ccc(OC(F)(F)F)cc1)NCc1nc(C(=O)NC2CCCc3ccccc32)cs1,0
1241,73,CCS(=O)(=O)c1ccccc1Nc1nc(Nc2ccc(N3CCOCC3)cc2OC)ncc1Cl,1
1242,719,COc1cc2c(-c3ccc(O)c(Cl)c3)nc3[nH]nc(C)c3c2cc1OCC(F)(F)F,0
1243,1428,COc1ccc(Nc2ccnc(Nc3ccc(OC)c(OCCN4CCCCC4)c3)n2)cc1O,0
1244,1016,COc1cc(Nc2ncc3ccn(-c4cccc(CCC(=O)NCCN(C)C)c4)c3n2)cc(OC)c1OC,0
1245,1655,CNC(=O)c1cc(Nc2ncc(Cl)c(Nc3ccccc3S(=O)(=O)C(C)C)n2)c(OC(C)C)cc1CCN1CCN(C)CC1,0
1246,1649,CC(C)Oc1cc2c(cc1Nc1ncc(Cl)c(Nc3ccccc3S(=O)(=O)C(C)C)n1)C(=O)N(N1CCOCC1)C2,0
1247,357,COc1cc2c(=O)c3c4ccc(C#N)cc4[nH]c3n(C(C)C)c2c(F)c1C1CCN(C2COC2)CC1,1
1248,1421,CCOc1ccc(Nc2ccnc(Nc3ccc(C)c(OCCN4CCCC4)c3)n2)c(S(N)(=O)=O)c1,0
1249,315,COc1cc(F)ccc1Nc1ncc(Cl)c(Nc2ccccc2S(=O)(=O)N2CCOCC2)n1,1
1250,240,CNS(=O)(=O)c1ccccc1Nc1nc(Nc2ccc(F)cc2F)ncc1Br,1
1251,1621,O=C(/N=c1\[nH]c2cnc(OCCN3CCCCC3)cc2n1C1CCC(C(=O)O)CC1)c1ccccc1,0
1252,966,CCCCc1ccc(-n2ccc3cnc(Nc4cc(OC)c(OC)c(OC)c4)nc32)cc1,0
1253,1108,COc1cc(Nc2nccc(Nc3ccccc3O)n2)cc(OC)c1OC,0
1254,683,O=C(O)C(F)(F)F.O=S1(=O)CCOc2cccc(c2)Nc2ncc(Cl)c(n2)Nc2cccc1c2,0
1255,314,CNS(=O)(=O)c1ccccc1Nc1nc(Nc2ccc(F)cc2OC)ncc1Br,1
1256,940,COC(=O)[C@H]1CC[C@@H](n2c(=NC(=O)c3ccccc3)[nH]c3cnccc32)CC1,0
1257,1579,O=C(COc1ccc(Br)cc1)NCc1nc(C(=O)NCCc2ccccc2F)cs1,0
1258,1631,CC(C)Oc1cc2c(cc1Nc1ncc(Cl)c(Nc3ccccc3S(=O)(=O)C(C)C)n1)C(=O)N(CC(=O)O)C2,0
1259,572,COc1ccccc1CCNC(=O)c1csc(CNC(=O)COc2ccc(OC(F)(F)F)cc2)n1,0
1260,876,COc1cc(N2CCOCC2)ccc1Nc1ncc(Cl)c(Nc2ccc(N3CCC(O)CC3)c3c2C(=O)N(C)C3)n1,0
1261,338,COc1cc2c(=O)c3c4ccc(C#N)cc4[nH]c3n(C(C)C)c2c(F)c1N1CCN(C)CC1,1
1262,535,O=C(Cc1ccc2ccccc2c1)NCc1nc(C(=O)NCCc2cccc(Cl)c2)cs1,0
1263,1085,COC(=O)CNC(=O)Cc1cccc(-n2ccc3cnc(Nc4cc(OC)c(OC)c(OC)c4)nc32)c1,0
1264,1012,CCCNc1cc(Nc2nccc(Nc3ccc4c(c3S(N)(=O)=O)OCCO4)n2)ccc1C,0
1265,55,COc1cc(N2CCN3CCOC[C@H]3C2)ccc1Nc1ncc(Cl)c(Nc2cccc3c2C(=O)N(C)C3)n1,1
1266,731,COc1cc2c(cc1OCC1CCNCC1)c(-c1ccc(O)cc1)nc1[nH]nc(C)c12,0
1267,730,Cc1n[nH]c2nc(-c3ccc4[nH]ccc4c3)c3c(F)cc(O)c(F)c3c12,0
1268,273,COc1cc(Nc2ncc3ccn(-c4ccccc4CO)c3n2)cc(OC)c1OC,1
1269,1070,c1ccc(-n2ccc3cnc(Nc4ccc5cn[nH]c5c4)nc32)nc1,0
1270,278,CNS(=O)(=O)c1ccccc1Nc1nc(Nc2ccc(C)cc2OC)ncc1Br,1
1271,563,COc1ccccc1CNC(=O)c1coc(CNC(=O)COc2ccc(OC(F)(F)F)cc2)n1,0
1272,944,C[C@H]1CN(C(=O)[C@H]2CC[C@@H](n3c(=NC(=O)c4ccccc4)[nH]c4cnc(OCCN5CCCCC5)cc43)CC2)CCN1,0
1273,1558,O=C(COc1ccc(OC(F)(F)F)cc1)NCc1nc(C(=O)NCC2CCCO2)cs1,0
1274,923,COc1ccccc1Nc1ncc(Cl)c(Nc2ccc(N3CCN(C)CC3)c3c2C(=O)N(C)C3)n1,0
1275,183,CNS(=O)(=O)c1ccccc1Nc1nc(Nc2cc(OC)c(N3CCN(C)CC3)cc2OC)ncc1Cl,1
1276,175,CCCS(=O)(=O)c1ccccc1Nc1nc(Nc2ccc(N3CCC(O)CC3)cc2OC)ncc1Cl,1
1277,71,CNC(=O)c1ccccc1Nc1nc(Nc2ccc(N3CCC(N(C)C)C3)cc2OC)ncc1Cl,1
1278,1393,CNC(=O)c1cc(N2CC[C@H](N(C)C)C2)ccc1Nc1nc(Nc2ccc(N3CCOCC3)cc2OC)ncc1Cl,0
1279,97,CNS(=O)(=O)c1ccccc1Nc1nc(Nc2ccc(OC3CCNCC3)cc2OC)ncc1Br,1
1280,356,COc1cc2c(=O)c3c4ccc(C#N)cc4[nH]c3n(C3CCCCC3)c2cc1N1CCN(C)CC1,1
1281,561,COc1ccccc1CNC(=O)c1csc(CNC(=O)c2cccnc2Oc2ccc(Cl)cc2)n1,0
1282,1224,COc1ccc(Nc2nccc(Nc3cccc(O)c3)n2)cc1OCCn1ccnc1,0
1283,958,COc1cc(Nc2ncc3ccn(Cc4cccnc4)c3n2)cc(OC)c1OC,0
1284,1476,COc1ccc(Nc2ccnc(Nc3cccc(OCCN4CCCCC4)c3)n2)cc1O,0
1285,149,CNS(=O)(=O)c1ccccc1Nc1nc(Nc2cc(OCCN3CCOCC3)ccc2OC)ncc1Br,1
1286,1060,COc1cc(Nc2ncc3ccn(-c4cccc(CC(=O)NC5CC5)c4)c3n2)cc(OC)c1OC,0
1287,1608,O=C(N=c1[nH]c2ccc(CN3CCOCC3)cc2n1[C@H]1CC[C@@H](C(=O)O)CC1)c1ccc(F)cc1,0
1288,178,CNC(=O)c1cc(N2CCN(C)CC2)ccc1Nc1nc(Nc2cccc3c2ccn3C)ncc1Cl,1
1289,139,CCOc1ccc(N2CCOCC2)cc1Nc1ncc(Br)c(Nc2ccccc2S(=O)(=O)NC)n1,1
1290,422,NC(=O)[C@]1(c2cccc(Br)c2)C[C@@H](n2/c(=N/C(=O)c3ccc(F)cc3)[nH]c3cnc(OCCN4CCCCC4)cc32)C1,1
1291,343,COc1c(Nc2ncc(Cl)c(N[C@H]3[C@@H](C(N)=O)[C@@H]4C=C[C@H]3C4)n2)ccc2c1CCC(N1CCN(C)CC1)CC2,1
1292,1438,COc1cc(Nc2ncc3ccn(-c4cccc(C(=O)NCCN5CCCC5)n4)c3n2)cc(OC)c1OC,0
1293,185,COc1cc(N2CCN(C(C)=O)CC2)ccc1Nc1ncc(Cl)c(Nc2ccccc2S(=O)(=O)C(C)C)n1,1
1294,1097,COc1cccc(Nc2nccc(Nc3cccc(OC)c3S(N)(=O)=O)n2)c1,0
1295,1171,Oc1ccc(Cl)cc1Nc1ccnc(Nc2cccc(OCCCn3ccnc3)c2)n1,0
1296,1444,CNS(=O)(=O)c1ccccc1Nc1nc(Nc2cc3c(cc2OC)OCC(=O)N3C)ncc1Br,0
1297,40,CCCS(=O)(=O)c1ccccc1Nc1nc(Nc2ccc(N3CCC(C(=O)NC)CC3)cc2OC)ncc1Cl,1
1298,770,CC(C)(O)CNC(=O)C1CCC(n2/c(=N/C(=O)c3ccc(F)cc3)[nH]c3ccc(CN4CCOCC4)cc32)CC1,0
1299,1098,NS(=O)(=O)c1cccc(Nc2ccnc(Nc3ccc4cn[nH]c4c3)n2)c1,0
1300,64,CCN1CCC(Oc2ccc(Nc3ncc(Cl)c(Nc4ccccc4S(=O)(=O)NC)n3)c(OC)c2)C1,1
1301,1611,O=C(N=c1[nH]c2cnc(OCCN3CCCCC3)cc2n1[C@H]1CC[C@@H](C(=O)O)CC1)c1ccccc1,0
1302,548,O=C(COc1ccc(OC(F)(F)F)cc1)NCc1nc(C(=O)NCc2cccc(I)c2)cs1,0
1303,1337,COc1cc(N2CCOCC2)ccc1Nc1ncc(Cl)c(Nc2ccccc2S(=O)(=O)N2CCN(C)CC2)n1,0
1304,729,COc1cc2c(-c3ccc(O)c(Cl)c3)nc3[nH]nc(C)c3c2cc1OCC(C)C,0
1305,1104,COc1cc(Nc2nccc(Nc3cccc(S(N)(=O)=O)c3)n2)cc(OC)c1,0
1306,1003,COc1cc(CNc2ncc3ccn(-c4ccccn4)c3n2)cc(OC)c1OC,0
1307,991,Cc1ccc(C(N)=O)cc1Nc1ncc2ccn(-c3ccccn3)c2n1,0
1308,467,O=C(/N=c1\[nH]c2ccc(CN3CCOCC3)cc2n1[C@H]1CC[C@@H](C(=O)N2CCOCC2)CC1)c1ccc(F)cc1,1
1309,949,CNC(=O)c1cccc(-n2ccc3cnc(Nc4cc(OC)c(OC)c(OC)c4)nc32)n1,0
1310,648,CCCCCC(C)N(C)C(=O)c1csc(CNC(=O)COc2ccc(OC(F)(F)F)cc2)n1,0
1311,90,CNS(=O)(=O)c1ccccc1Nc1nc(Nc2cc(N3CCCCC3)ccc2C)ncc1Br,1
1312,1348,CCOCCNS(=O)(=O)c1ccccc1Nc1nc(Nc2ccc(N3CCOCC3)cc2OC)ncc1Cl,0
1313,831,C=C(F)C(F)(F)Oc1cccc(Nc2ccnc(Nc3ccc(OC)c(OC)c3)n2)c1S(N)(=O)=O,0
1314,89,COc1cc(N2CCOCC2)ccc1Nc1ncc(Cl)c(Nc2ccccc2S(=O)(=O)N2CCOCC2)n1,1
1315,151,COc1c(Nc2ncc(Cl)c(Nc3ccccc3S(=O)(=O)NC(C)C)n2)ccc(N2CCOCC2)c1F,1
1316,1486,CCc1cnc(Nc2cc(OC)c(OC)c(OC)c2)nc1Nc1ccccc1S(N)(=O)=O,0
1317,804,CN1CCN(CCOc2cccc(Nc3nccc(Nc4ccc5c(c4S(N)(=O)=O)CCC5)n3)c2)CC1,0
1318,580,O=C(COc1ccc(OC(F)(F)F)cc1)NCc1nc(C(=O)NCc2cc(F)ccc2F)cs1,0
1319,1613,CNc1ccc(C(=O)N=c2[nH]c3cnc(OCCN4CCCCC4)cc3n2[C@H]2CC[C@@H](C(=O)NC(C)C)CC2)cc1,0
1320,1024,CNc1cc(Nc2nccc(Nc3ccc4c(c3S(N)(=O)=O)OCCO4)n2)ccc1Br,0
1321,33,CCCS(=O)(=O)c1cc(N2CCN(C)CC2)ccc1Nc1nc(Nc2ccc(F)cc2OC)ncc1Cl,1
1322,915,C=CCNS(=O)(=O)c1cccc(C(=O)/N=c2\[nH]c3cnc(OCCN4CCCCC4)cc3n2C2CCC(C(=O)NC(C)C)CC2)c1.O=C(O)C(F)(F)F,0
1323,1543,O=C(COc1ccc(OC(F)(F)F)cc1)NCc1nc(C(=O)N2CCN(c3ccccn3)CC2)cs1,0
1324,346,CN1CCN(c2ccc3cc2CCc2ccc(N(C)S(C)(=O)=O)c(c2)Nc2nc(ncc2Cl)N3)CC1,1
1325,1563,COCCNC(=O)c1csc(CNC(=O)COc2ccc(OC(F)(F)F)cc2)n1,0
1326,745,CNc1cccc(Nc2nccc(Nc3cccc(OC)c3S(N)(=O)=O)n2)c1,0
1327,1588,COc1ccc(CCNC(=O)c2coc(CNC(=O)COc3ccc(OC(F)(F)F)cc3)n2)cc1,0
1328,1308,COc1cc(Nc2ncc3ccn(-c4ccc(N)c(C(=O)O)c4)c3n2)cc(OC)c1OC,0
1329,741,COc1cc(Nc2ncc3ccn(-c4cccs4)c3n2)cc(OC)c1OC,0
1330,983,CSc1cccc(Nc2ncc3ccn(-c4ccccn4)c3n2)c1,0
